Effective date 	S&P GSCI Kansas Wheat TR	S&P GSCI Kansas Wheat ER	S&P GSCI Kansas Wheat
2010-03-31	54.76	39.58	141.75
2010-04-01	55.74	40.29	144.28
2010-04-05	55.95	40.44	144.82
2010-04-06	57.11	41.27	147.81
2010-04-07	58.35	42.17	151.04
2010-04-08	57.58	41.61	149.7
2010-04-09	57.35	41.44	149.75
2010-04-12	57.42	41.5	150.59
2010-04-13	58.46	42.24	153.97
2010-04-14	58.19	42.05	153.95
2010-04-15	58.89	42.56	155.79
2010-04-16	60.05	43.4	158.86
2010-04-19	57.3	41.4	151.57
2010-04-20	59.5	43	157.41
2010-04-21	59.27	42.83	156.79
2010-04-22	60.46	43.69	159.94
2010-04-23	59.94	43.31	158.56
2010-04-26	58.14	42.01	153.8
2010-04-27	58.37	42.18	154.41
2010-04-28	58.25	42.1	154.11
2010-04-29	58.89	42.56	155.79
2010-04-30	59.73	43.16	158.02
2010-05-03	59.53	43.02	157.48
2010-05-04	60.63	43.81	160.4
2010-05-05	60.81	43.94	160.86
2010-05-06	60.29	43.56	159.48
2010-05-07	60.46	43.69	159.94
2010-05-10	58.95	42.6	155.95
2010-05-11	59.13	42.72	156.41
2010-05-12	58.84	42.51	155.64
2010-05-13	57.65	41.66	152.49
2010-05-14	56.98	41.17	150.73
2010-05-17	56.87	41.09	150.42
2010-05-18	56.63	40.92	149.81
2010-05-19	57.04	41.22	150.88
2010-05-20	57.16	41.3	151.19
2010-05-21	57.45	41.51	151.96
2010-05-24	56.93	41.13	150.58
2010-05-25	56.26	40.65	148.81
2010-05-26	56.72	40.98	150.04
2010-05-27	57.19	41.32	151.27
2010-05-28	55.88	40.38	147.81
2010-06-01	55.48	40.08	146.74
2010-06-02	54.98	39.73	145.43
2010-06-03	54.72	39.54	144.74
2010-06-04	53.97	38.99	142.75
2010-06-07	53.62	38.74	142.56
2010-06-08	53.62	38.74	143.27
2010-06-09	53.17	38.41	142.81
2010-06-10	53.68	38.78	144.93
2010-06-11	54.2	39.15	147.05
2010-06-14	55.55	40.14	150.73
2010-06-15	55.44	40.05	150.42
2010-06-16	56.8	41.03	154.11
2010-06-17	57.31	41.4	155.49
2010-06-18	57.53	41.57	156.1
2010-06-21	57.82	41.77	156.87
2010-06-22	57.2	41.32	155.18
2010-06-23	57.28	41.38	155.41
2010-06-24	57.14	41.28	155.03
2010-06-25	55.98	40.44	151.88
2010-06-28	55.41	40.03	150.35
2010-06-29	54.2	39.15	147.05
2010-06-30	56.12	40.54	152.26
2010-07-01	57.71	41.69	156.56
2010-07-02	58.39	42.18	158.4
2010-07-06	58.95	42.59	159.94
2010-07-07	61.72	44.59	167.46
2010-07-08	63.59	45.94	172.53
2010-07-09	62.6	45.22	169.84
2010-07-12	62.74	45.33	170.22
2010-07-13	64.13	46.33	173.98
2010-07-14	64.78	46.8	175.75
2010-07-15	68.54	49.52	185.96
2010-07-16	67.78	48.96	183.88
2010-07-19	67.36	48.66	182.73
2010-07-20	66.71	48.19	180.97
2010-07-21	68.07	49.17	184.65
2010-07-22	69.23	50.01	187.8
2010-07-23	69.59	50.27	188.8
2010-07-26	69.25	50.03	187.87
2010-07-27	69.59	50.27	188.8
2010-07-28	71.38	51.56	193.63
2010-07-29	73.13	52.83	198.39
2010-07-30	76.33	55.14	207.06
2010-08-02	79.27	57.26	215.04
2010-08-03	77.52	55.99	210.28
2010-08-04	82.21	59.39	223.02
2010-08-05	88.27	63.76	239.45
2010-08-06	81.48	58.85	221.03
2010-08-09	81.48	58.85	222.96
2010-08-10	80.61	58.22	221.49
2010-08-11	80.29	58	221.52
2010-08-12	82.01	59.23	227.17
2010-08-13	81.79	59.07	226.55
2010-08-16	77.91	56.27	215.81
2010-08-17	76.66	55.37	212.36
2010-08-18	77.58	56.03	214.89
2010-08-19	79.82	57.65	221.11
2010-08-20	79.82	57.65	221.11
2010-08-23	81.07	58.55	224.56
2010-08-24	79.3	57.27	219.65
2010-08-25	76.58	55.31	212.13
2010-08-26	78.13	56.43	216.42
2010-08-27	79.13	57.15	219.19
2010-08-30	80.24	57.95	222.26
2010-08-31	77.86	56.23	215.66
2010-09-01	80.55	58.17	223.1
2010-09-02	81.16	58.61	224.79
2010-09-03	83.98	60.66	232.62
2010-09-07	83.46	60.27	231.16
2010-09-08	81.41	58.79	225.48
2010-09-09	84.23	60.84	233.31
2010-09-10	84.15	60.78	233.08
2010-09-13	85.29	61.6	236.22
2010-09-14	84.93	61.34	235.23
2010-09-15	84.21	60.82	233.23
2010-09-16	83.18	60.07	230.39
2010-09-17	85.15	61.5	235.84
2010-09-20	83.96	60.64	232.54
2010-09-21	83.13	60.03	230.24
2010-09-22	83.82	60.54	232.16
2010-09-23	81.72	59.01	226.32
2010-09-24	83.96	60.64	232.54
2010-09-27	82	59.21	227.09
2010-09-28	79.36	57.31	219.8
2010-09-29	79.47	57.39	220.11
2010-09-30	78.45	56.65	217.27
2010-10-01	76.4	55.17	211.59
2010-10-04	75.71	54.67	209.67
2010-10-05	77.7	56.11	215.2
2010-10-06	77.32	55.83	214.12
2010-10-07	77.54	55.99	214.74
2010-10-08	84.08	60.72	232.85
2010-10-11	82.78	59.77	229.24
2010-10-12	83.25	60.11	230.55
2010-10-13	82.36	59.47	228.09
2010-10-14	82.08	59.27	227.32
2010-10-15	82.58	59.63	228.7
2010-10-18	81.14	58.59	224.71
2010-10-19	79.31	57.27	219.65
2010-10-20	80.92	58.43	224.1
2010-10-21	79.43	57.35	219.95
2010-10-22	79.7	57.55	220.72
2010-10-25	80.01	57.77	221.57
2010-10-26	81.87	59.11	226.71
2010-10-27	83.58	60.36	231.47
2010-10-28	85.5	61.74	236.76
2010-10-29	85.47	61.72	236.68
2010-11-01	83.61	60.38	231.54
2010-11-02	82.98	59.91	229.78
2010-11-03	82.76	59.75	229.16
2010-11-04	85.25	61.56	236.07
2010-11-05	87.13	62.92	242.26
2010-11-08	88.18	63.67	246.11
2010-11-09	87.26	63	244.5
2010-11-10	85.71	61.89	241.15
2010-11-11	85.19	61.51	240.68
2010-11-12	81.04	58.51	228.93
2010-11-15	81.31	58.71	229.7
2010-11-16	76.69	55.37	216.65
2010-11-17	77.23	55.77	218.19
2010-11-18	78.89	56.96	222.87
2010-11-19	78.81	56.9	222.64
2010-11-22	79.14	57.14	223.56
2010-11-23	79.06	57.08	223.33
2010-11-24	79.87	57.67	225.63
2010-11-26	80.06	57.81	226.17
2010-11-29	80.69	58.26	227.94
2010-11-30	81.02	58.49	228.86
2010-12-01	86.5	62.45	244.36
2010-12-02	87.13	62.91	246.12
2010-12-03	89.33	64.49	252.34
2010-12-06	90.93	65.65	256.87
2010-12-07	90.47	65.32	255.56
2010-12-08	91.02	65.71	257.1
2010-12-09	91.7	66.2	259.02
2010-12-10	90.42	65.28	255.41
2010-12-13	90.77	65.53	256.41
2010-12-14	88.57	63.95	250.19
2010-12-15	88.17	63.65	249.04
2010-12-16	87.3	63.02	246.59
2010-12-17	88.22	63.69	249.19
2010-12-20	89.77	64.81	253.57
2010-12-21	89.83	64.85	253.72
2010-12-22	91.78	66.26	259.25
2010-12-23	91.84	66.3	259.4
2010-12-27	91.7	66.2	259.02
2010-12-28	93.52	67.52	264.16
2010-12-29	93.22	67.3	263.32
2010-12-30	91.68	66.18	258.94
2010-12-31	92.49	66.77	261.24
2011-01-03	93.8	67.71	264.93
2011-01-04	92.3	66.63	260.71
2011-01-05	94.91	68.52	268.07
2011-01-06	93.31	67.36	263.55
2011-01-07	91.98	66.4	259.79
2011-01-10	91.46	66.02	258.33
2011-01-11	91.08	65.75	257.25
2011-01-12	92.61	66.85	261.55
2011-01-13	94.4	68.14	266.62
2011-01-14	93.48	67.48	264.01
2011-01-18	95.27	68.77	269.07
2011-01-19	95.38	68.85	269.38
2011-01-20	96.33	69.54	272.06
2011-01-21	97.83	70.61	276.29
2011-01-24	98.7	71.24	278.74
2011-01-25	99.73	71.99	281.66
2011-01-26	102.18	73.75	288.56
2011-01-27	101.36	73.16	286.26
2011-01-28	99.13	71.56	279.97
2011-01-31	100.52	72.56	283.88
2011-02-01	100.44	72.5	283.65
2011-02-02	103.57	74.75	292.48
2011-02-03	103.16	74.46	291.33
2011-02-04	102.48	73.97	289.41
2011-02-07	103.65	74.81	293.38
2011-02-08	105.66	76.26	299.77
2011-02-09	107.39	77.51	305.37
2011-02-10	105.23	75.96	299.92
2011-02-11	105.77	76.34	302.15
2011-02-14	106.18	76.64	303.3
2011-02-15	102.55	74.02	292.94
2011-02-16	101.1	72.97	288.8
2011-02-17	103.6	74.77	295.93
2011-02-18	101.1	72.97	288.8
2011-02-22	95	68.57	271.37
2011-02-23	95.68	69.05	273.29
2011-02-24	93.8	67.7	267.92
2011-02-25	96.62	69.73	275.98
2011-02-28	98.07	70.78	280.12
2011-03-01	98.02	70.74	279.97
2011-03-02	97.8	70.59	279.36
2011-03-03	98.69	71.22	281.89
2011-03-04	99.79	72.02	285.03
2011-03-07	96.57	69.69	275.83
2011-03-08	93.93	67.79	268.3
2011-03-09	91.73	66.2	262.01
2011-03-10	89.96	64.92	256.95
2011-03-11	88.45	63.84	252.65
2011-03-14	88.72	64.03	253.42
2011-03-15	83.51	60.27	238.53
2011-03-16	83.64	60.37	238.91
2011-03-17	89.31	64.46	255.1
2011-03-18	90.82	65.54	259.4
2011-03-21	90.5	65.31	258.48
2011-03-22	90.82	65.54	259.4
2011-03-23	89.21	64.38	254.8
2011-03-24	91.71	66.18	261.93
2011-03-25	91.9	66.32	262.47
2011-03-28	91.2	65.81	260.48
2011-03-29	93.19	67.25	266.16
2011-03-30	92.65	66.86	264.62
2011-03-31	97.59	70.43	278.74
2011-04-01	97.43	70.31	278.28
2011-04-04	101.89	73.53	291.02
2011-04-05	102.11	73.69	291.63
2011-04-06	100.98	72.87	288.41
2011-04-07	99.18	71.57	283.94
2011-04-08	100.24	72.34	287.6
2011-04-11	98.77	71.27	284.01
2011-04-12	96.11	69.36	277.02
2011-04-13	95.16	68.67	274.9
2011-04-14	92.9	67.04	268.38
2011-04-15	93.08	67.17	268.92
2011-04-18	96.32	69.51	278.28
2011-04-19	99.54	71.83	287.57
2011-04-20	98.9	71.37	285.73
2011-04-21	100.2	72.31	289.49
2011-04-25	103.18	74.46	298.08
2011-04-26	102.09	73.67	294.93
2011-04-27	98.08	70.78	283.35
2011-04-28	93.51	67.48	270.15
2011-04-29	95.85	69.17	276.9
2011-05-02	94.63	68.28	273.37
2011-05-03	95.42	68.86	275.67
2011-05-04	93.27	67.31	269.46
2011-05-05	91.07	65.72	263.09
2011-05-06	92.87	67.02	268.3
2011-05-09	97.18	70.13	280.74
2011-05-10	98.67	71.2	285.03
2011-05-11	95.64	69.01	276.29
2011-05-12	93.11	67.19	268.99
2011-05-13	92.4	66.67	266.92
2011-05-16	93.09	67.17	268.92
2011-05-17	95.05	68.59	274.6
2011-05-18	99.68	71.93	287.95
2011-05-19	100.39	72.44	290.02
2011-05-20	99.17	71.56	286.49
2011-05-23	98.93	71.39	285.8
2011-05-24	96.91	69.93	279.97
2011-05-25	98.69	71.22	285.11
2011-05-26	100.18	72.29	289.41
2011-05-27	100.21	72.31	289.49
2011-05-31	96.49	69.63	278.74
2011-06-01	94.74	68.36	273.68
2011-06-02	96.6	69.7	279.05
2011-06-03	97.15	70.11	280.66
2011-06-06	94.58	68.25	273.22
2011-06-07	92.93	67.06	269.61
2011-06-08	94.04	67.86	273.95
2011-06-09	92.59	66.81	270.87
2011-06-10	92.22	66.54	270.88
2011-06-13	90.44	65.26	266.77
2011-06-14	89.37	64.49	263.62
2011-06-15	87.21	62.93	257.25
2011-06-16	85.03	61.35	250.81
2011-06-17	85.57	61.75	252.42
2011-06-20	85.34	61.58	251.73
2011-06-21	85.5	61.69	252.19
2011-06-22	82.09	59.23	242.13
2011-06-23	81	58.44	238.91
2011-06-24	79.85	57.62	235.53
2011-06-27	77.74	56.1	229.32
2011-06-28	79.41	57.3	234.23
2011-06-29	79.51	57.37	234.54
2011-06-30	73.61	53.11	217.11
2011-07-01	75.01	54.13	221.26
2011-07-05	76.6	55.27	225.94
2011-07-06	75.61	54.56	223.02
2011-07-07	75.35	54.37	222.26
2011-07-08	75.69	54.61	223.25
2011-07-11	74.02	53.41	218.34
2011-07-12	76.29	55.05	225.02
2011-07-13	79.31	57.22	233.92
2011-07-14	79.64	57.47	234.92
2011-07-15	79.57	57.41	234.69
2011-07-18	79.2	57.15	233.61
2011-07-19	80.97	58.43	238.83
2011-07-20	82.64	59.63	243.75
2011-07-21	80.58	58.14	237.68
2011-07-22	81.18	58.58	239.45
2011-07-25	80.19	57.86	236.53
2011-07-26	81.23	58.61	239.6
2011-07-27	82.04	59.2	241.98
2011-07-28	81.54	58.84	240.52
2011-07-29	79.83	57.6	235.46
2011-08-01	80.27	57.92	236.76
2011-08-02	84.1	60.68	248.04
2011-08-03	83.05	59.93	244.97
2011-08-04	80.24	57.9	236.68
2011-08-05	81.21	58.59	240.95
2011-08-08	78.62	56.72	234.67
2011-08-09	79.44	57.32	238.6
2011-08-10	81.69	58.94	246.82
2011-08-11	84.13	60.7	255.72
2011-08-12	82.84	59.77	251.8
2011-08-15	84.33	60.85	256.33
2011-08-16	85.02	61.34	258.4
2011-08-17	85.55	61.72	260.02
2011-08-18	82.77	59.72	251.57
2011-08-19	85.12	61.41	258.71
2011-08-22	85.45	61.65	259.71
2011-08-23	87.39	63.05	265.62
2011-08-24	86.76	62.6	263.7
2011-08-25	88.12	63.58	267.84
2011-08-26	90.09	65	273.83
2011-08-29	90.8	65.51	275.98
2011-08-30	90.09	65	273.83
2011-08-31	90.4	65.22	274.75
2011-09-01	88.07	63.55	267.69
2011-09-02	88.88	64.13	270.15
2011-09-06	87.42	63.07	265.69
2011-09-07	86.76	62.6	263.7
2011-09-08	85.45	61.65	259.71
2011-09-09	84.08	60.67	255.56
2011-09-12	83.43	60.19	253.57
2011-09-13	81.05	58.48	246.35
2011-09-14	79.99	57.72	243.13
2011-09-15	80.32	57.95	244.13
2011-09-16	79.19	57.13	240.68
2011-09-19	77.57	55.97	235.76
2011-09-20	77.27	55.75	234.84
2011-09-21	76.81	55.42	233.46
2011-09-22	72.82	52.54	221.34
2011-09-23	73.86	53.29	224.48
2011-09-26	75.15	54.22	228.4
2011-09-27	76.05	54.87	231.16
2011-09-28	73.4	52.96	223.1
2011-09-29	74.74	53.93	227.17
2011-09-30	71.11	51.3	216.12
2011-10-03	70.9	51.16	215.5
2011-10-04	69.34	50.03	210.74
2011-10-05	70.68	50.99	214.81
2011-10-06	70.47	50.85	214.2
2011-10-07	69.14	49.88	210.13
2011-10-10	69.29	49.99	210.59
2011-10-11	73.71	53.18	224.02
2011-10-12	71.81	51.81	218.27
2011-10-13	70.8	51.08	215.2
2011-10-14	71.46	51.56	217.19
2011-10-17	72.14	52.05	219.26
2011-10-18	71.86	51.85	218.42
2011-10-19	71.26	51.41	216.58
2011-10-20	73.23	52.83	222.56
2011-10-21	73.03	52.69	221.95
2011-10-24	74.24	53.56	225.63
2011-10-25	74.09	53.45	225.17
2011-10-26	72.32	52.18	219.8
2011-10-27	74.54	53.78	226.55
2011-10-28	74.54	53.78	226.55
2011-10-31	73.23	52.83	222.56
2011-11-01	72.57	52.36	220.57
2011-11-02	72.02	51.96	218.88
2011-11-03	72.72	52.47	221.03
2011-11-04	72.52	52.32	220.41
2011-11-07	73.18	52.8	223.09
2011-11-08	74.56	53.8	227.9
2011-11-09	72.01	51.96	220.72
2011-11-10	70.65	50.97	217.41
2011-11-11	71.15	51.33	219.65
2011-11-14	69.95	50.47	215.96
2011-11-15	71.12	51.31	219.57
2011-11-16	69.58	50.2	214.81
2011-11-17	67.34	48.59	207.9
2011-11-18	67.54	48.73	208.52
2011-11-21	67.42	48.64	208.14
2011-11-22	66.62	48.07	205.68
2011-11-23	65.58	47.32	202.46
2011-11-25	65.03	46.92	200.77
2011-11-28	64.88	46.81	200.31
2011-11-29	66.62	48.07	205.68
2011-11-30	65.73	47.42	202.92
2011-12-01	66.52	48	205.37
2011-12-02	67.77	48.89	209.21
2011-12-05	66.87	48.25	206.45
2011-12-06	67.22	48.5	207.52
2011-12-07	65.75	47.44	202.99
2011-12-08	65.48	47.24	202.15
2011-12-09	65.78	47.46	203.07
2011-12-12	64.86	46.79	200.23
2011-12-13	65.23	47.06	201.38
2011-12-14	63.19	45.59	195.09
2011-12-15	63.39	45.74	195.7
2011-12-16	63.59	45.88	196.32
2011-12-19	65.48	47.24	202.15
2011-12-20	66.43	47.92	205.07
2011-12-21	66.72	48.14	205.99
2011-12-22	66.87	48.25	206.45
2011-12-23	67.12	48.43	207.21
2011-12-27	69.18	49.92	213.58
2011-12-28	69.53	50.17	214.66
2011-12-29	69.41	50.08	214.27
2011-12-30	71.3	51.44	220.11
2012-01-03	70.85	51.12	218.73
2012-01-04	71	51.23	219.19
2012-01-05	68.22	49.22	210.59
2012-01-06	67.62	48.79	208.75
2012-01-09	69.41	50.08	214.27
2012-01-10	69.41	50.08	214.27
2012-01-11	69.78	50.35	215.43
2012-01-12	66.92	48.28	206.6
2012-01-13	66.62	48.07	205.68
2012-01-17	66.92	48.28	206.6
2012-01-18	64.93	46.85	200.46
2012-01-19	65.43	47.21	202
2012-01-20	66.33	47.85	204.76
2012-01-23	66.97	48.32	206.75
2012-01-24	68.22	49.22	210.59
2012-01-25	69.31	50.01	213.97
2012-01-26	70.5	50.87	217.65
2012-01-27	69.61	50.22	214.89
2012-01-30	69.36	50.04	214.12
2012-01-31	71.15	51.33	219.65
2012-02-01	71.85	51.83	221.8
2012-02-02	71.37	51.49	220.34
2012-02-03	70.88	51.14	218.8
2012-02-06	71.5	51.58	220.72
2012-02-07	70.8	51.08	219
2012-02-08	70.6	50.94	218.82
2012-02-09	68.84	49.67	213.81
2012-02-10	66.99	48.33	208.56
2012-02-13	67.89	48.98	211.74
2012-02-14	67.2	48.48	209.59
2012-02-15	66.68	48.11	207.98
2012-02-16	68.01	49.07	212.13
2012-02-17	68.58	49.47	213.89
2012-02-21	67.32	48.57	209.98
2012-02-22	68.16	49.17	212.59
2012-02-23	67.62	48.78	210.9
2012-02-24	67.74	48.87	211.28
2012-02-27	68.26	49.24	212.89
2012-02-28	69.88	50.41	217.96
2012-02-29	69.73	50.31	217.5
2012-03-01	69.49	50.13	216.73
2012-03-02	70.77	51.05	220.72
2012-03-05	70.47	50.84	219.8
2012-03-06	68.7	49.56	214.27
2012-03-07	67.3	48.55	209.9
2012-03-08	66.76	48.16	208.21
2012-03-09	67.33	48.57	209.98
2012-03-12	68.51	49.42	213.66
2012-03-13	67.67	48.82	211.05
2012-03-14	67.03	48.36	209.06
2012-03-15	69.34	50.02	216.27
2012-03-16	69.44	50.1	216.58
2012-03-19	68.07	49.1	212.28
2012-03-20	66.98	48.32	208.9
2012-03-21	66.44	47.93	207.21
2012-03-22	67.33	48.57	209.98
2012-03-23	68.36	49.31	213.2
2012-03-26	68.8	49.63	214.58
2012-03-27	66.84	48.21	208.44
2012-03-28	65.95	47.57	205.68
2012-03-29	64.38	46.44	200.77
2012-03-30	68.66	49.53	214.12
2012-04-02	67.92	48.99	211.82
2012-04-03	67.92	48.99	211.82
2012-04-04	65.9	47.54	205.53
2012-04-05	65.16	47.01	203.22
2012-04-09	64.97	46.86	203.21
2012-04-10	63.09	45.51	197.91
2012-04-11	63.41	45.74	199.49
2012-04-12	64.26	46.35	202.73
2012-04-13	63.26	45.63	200.15
2012-04-16	62.05	44.76	196.32
2012-04-17	62.17	44.85	196.7
2012-04-18	61.57	44.41	194.78
2012-04-19	62.73	45.25	198.47
2012-04-20	61.66	44.48	195.09
2012-04-23	62.59	45.14	198
2012-04-24	62.34	44.97	197.24
2012-04-25	62.29	44.93	197.08
2012-04-26	63.07	45.49	199.54
2012-04-27	63.94	46.12	202.3
2012-04-30	64.24	46.33	203.22
2012-05-01	63.75	45.98	201.69
2012-05-02	61.18	44.13	193.55
2012-05-03	61.42	44.3	194.32
2012-05-04	60.84	43.88	192.48
2012-05-07	61.25	44.18	193.78
2012-05-08	61.71	44.51	195.24
2012-05-09	60.07	43.32	190.02
2012-05-10	59.92	43.22	189.56
2012-05-11	59.19	42.69	187.26
2012-05-14	59.63	43.01	188.64
2012-05-15	60.89	43.92	192.63
2012-05-16	63.66	45.91	201.38
2012-05-17	65.21	47.03	206.29
2012-05-18	68.41	49.34	216.42
2012-05-21	69.38	50.04	219.49
2012-05-22	68.07	49.1	215.35
2012-05-23	66.62	48.05	210.74
2012-05-24	66.67	48.08	210.9
2012-05-25	67.93	48.99	214.89
2012-05-29	65.79	47.45	208.14
2012-05-30	65.89	47.52	208.44
2012-05-31	64.53	46.54	204.14
2012-06-01	61.82	44.58	195.55
2012-06-04	63.56	45.84	201.07
2012-06-05	61.91	44.65	195.86
2012-06-06	63.56	45.84	201.07
2012-06-07	64.87	46.79	206.19
2012-06-08	63.67	45.92	203.35
2012-06-11	63.38	45.71	203.41
2012-06-12	62.24	44.89	200.75
2012-06-13	62.22	44.87	201.69
2012-06-14	62.69	45.21	203.22
2012-06-15	61.13	44.09	198.16
2012-06-18	63.14	45.54	204.68
2012-06-19	65.01	46.89	210.74
2012-06-20	66.48	47.95	215.5
2012-06-21	66.15	47.71	214.43
2012-06-22	66.34	47.84	215.04
2012-06-25	70.93	51.16	229.93
2012-06-26	71.17	51.33	230.7
2012-06-27	71.97	51.91	233.31
2012-06-28	71.21	51.36	230.85
2012-06-29	71.59	51.63	232.08
2012-07-02	73.58	53.07	238.53
2012-07-03	76	54.81	246.35
2012-07-05	79.83	57.58	258.79
2012-07-06	76.57	55.22	248.2
2012-07-09	78.56	56.65	254.64
2012-07-10	77.85	56.14	252.34
2012-07-11	78.7	56.76	255.1
2012-07-12	80.21	57.85	260.02
2012-07-13	80.59	58.12	261.24
2012-07-16	83.77	60.41	271.53
2012-07-17	84.57	60.99	274.14
2012-07-18	85.8	61.88	278.13
2012-07-19	88.83	64.06	287.95
2012-07-20	89.12	64.27	288.87
2012-07-23	86.56	62.43	280.58
2012-07-24	83.39	60.14	270.3
2012-07-25	85.62	61.74	277.51
2012-07-26	84.29	60.79	273.22
2012-07-27	85.81	61.88	278.13
2012-07-30	86.85	62.63	281.5
2012-07-31	84.53	60.96	273.98
2012-08-01	83.72	60.38	271.37
2012-08-02	82.3	59.35	266.77
2012-08-03	84.86	61.2	275.06
2012-08-06	84.86	61.2	275.06
2012-08-07	84.86	61.2	276.52
2012-08-08	85.6	61.73	280.38
2012-08-09	86.65	62.49	285.31
2012-08-10	84.61	61.02	280.09
2012-08-13	82.33	59.37	274.06
2012-08-14	80.86	58.31	269.15
2012-08-15	81.43	58.72	271.07
2012-08-16	82.73	59.65	275.36
2012-08-17	83.9	60.5	279.28
2012-08-20	84.43	60.88	281.04
2012-08-21	86	62.02	286.26
2012-08-22	85.77	61.85	285.5
2012-08-23	83.7	60.35	278.59
2012-08-24	83.12	59.94	276.67
2012-08-27	82.87	59.75	275.83
2012-08-28	82.38	59.41	274.21
2012-08-29	85.03	61.32	283.04
2012-08-30	84.48	60.92	281.2
2012-08-31	83.56	60.25	278.13
2012-09-04	83.68	60.34	278.51
2012-09-05	81.81	58.99	272.29
2012-09-06	84.07	60.62	279.82
2012-09-07	85.15	61.4	283.42
2012-09-10	83.42	60.15	277.67
2012-09-11	83.38	60.12	277.51
2012-09-12	84.16	60.69	280.12
2012-09-13	85.11	61.37	283.27
2012-09-14	87.44	63.05	291.02
2012-09-17	83.13	59.94	276.67
2012-09-18	82	59.12	272.91
2012-09-19	83.93	60.52	279.36
2012-09-20	83.89	60.49	279.2
2012-09-21	85.43	61.6	284.34
2012-09-24	84.23	60.74	280.35
2012-09-25	84.03	60.59	279.66
2012-09-26	82.5	59.49	274.6
2012-09-27	81.01	58.41	269.61
2012-09-28	85.55	61.68	284.73
2012-10-01	83.66	60.32	278.43
2012-10-02	82.3	59.34	273.91
2012-10-03	82.18	59.26	273.52
2012-10-04	81.79	58.97	272.22
2012-10-05	81.05	58.44	269.76
2012-10-08	81.42	58.71	270.99
2012-10-09	81.98	59.11	272.83
2012-10-10	82.78	59.69	275.52
2012-10-11	84.68	61.05	281.81
2012-10-12	82.12	59.21	273.29
2012-10-15	81.29	58.61	270.53
2012-10-16	81.43	58.71	270.99
2012-10-17	82.46	59.46	274.44
2012-10-18	83.46	60.17	277.74
2012-10-19	83.76	60.39	278.74
2012-10-22	84.45	60.88	281.04
2012-10-23	83.73	60.37	278.66
2012-10-24	84.98	61.27	282.81
2012-10-25	84.33	60.8	280.66
2012-10-26	83.87	60.47	279.13
2012-10-29	83.32	60.07	277.28
2012-10-30	83.23	60	276.98
2012-10-31	83.39	60.12	277.51
2012-11-01	83.8	60.42	278.9
2012-11-02	83.83	60.44	278.97
2012-11-05	83.85	60.45	279.05
2012-11-06	84.82	61.15	282.27
2012-11-07	85.93	61.95	286.92
2012-11-08	86.44	62.32	289.61
2012-11-09	85.1	61.35	286.11
2012-11-12	82.23	59.28	277.48
2012-11-13	81.99	59.11	277.74
2012-11-14	82.13	59.21	278.2
2012-11-15	81.88	59.03	277.36
2012-11-16	80.91	58.33	274.06
2012-11-19	80.91	58.33	274.06
2012-11-20	81.07	58.44	274.6
2012-11-21	80.95	58.36	274.21
2012-11-23	81.16	58.51	274.9
2012-11-26	81.72	58.92	276.82
2012-11-27	84.58	60.97	286.49
2012-11-28	84.85	61.17	287.41
2012-11-29	84.74	61.09	287.03
2012-11-30	82.77	59.67	280.35
2012-12-03	82.18	59.24	278.36
2012-12-04	81.79	58.96	277.05
2012-12-05	82.27	59.31	278.66
2012-12-06	82.66	59.59	279.97
2012-12-07	82.45	59.44	279.28
2012-12-10	81.86	59.01	277.28
2012-12-11	79.89	57.59	270.61
2012-12-12	78.42	56.53	265.62
2012-12-13	78.19	56.37	264.85
2012-12-14	78.33	56.47	265.31
2012-12-17	77.61	55.94	262.86
2012-12-18	77.99	56.22	264.16
2012-12-19	77.76	56.06	263.39
2012-12-20	76.47	55.13	259.02
2012-12-21	76.31	55.01	258.48
2012-12-24	76.54	55.18	259.25
2012-12-26	74.73	53.87	253.11
2012-12-27	74.62	53.79	252.72
2012-12-28	74.86	53.97	253.57
2012-12-31	75.32	54.29	255.1
2013-01-02	73.51	52.99	248.96
2013-01-03	73.53	53	249.04
2013-01-04	72.92	52.56	246.97
2013-01-07	73.19	52.76	247.89
2013-01-08	73.3	52.84	248.27
2013-01-09	72.62	52.35	245.97
2013-01-10	72.19	52.04	244.51
2013-01-11	73.14	52.73	247.74
2013-01-14	74.64	53.8	252.8
2013-01-15	75.98	54.77	257.33
2013-01-16	76.36	55.04	258.63
2013-01-17	75.87	54.69	256.95
2013-01-18	76.48	55.13	259.02
2013-01-22	75.3	54.28	255.03
2013-01-23	75.25	54.24	254.87
2013-01-24	74.46	53.67	252.19
2013-01-25	75.19	54.2	254.64
2013-01-28	75.48	54.41	255.64
2013-01-29	75.3	54.28	255.03
2013-01-30	76.21	54.93	258.1
2013-01-31	75.94	54.73	257.18
2013-02-01	74.51	53.71	252.34
2013-02-04	74.06	53.38	250.81
2013-02-05	73.17	52.74	247.81
2013-02-06	73.4	52.9	248.58
2013-02-07	72.61	52.33	246.58
2013-02-08	72.5	52.26	246.92
2013-02-11	71.51	51.54	244.25
2013-02-12	70.55	50.85	241.72
2013-02-13	70.76	51	243.13
2013-02-14	70.29	50.66	241.52
2013-02-15	70.47	50.79	242.13
2013-02-19	69.68	50.23	239.45
2013-02-20	70.35	50.71	241.75
2013-02-21	68.55	49.41	235.53
2013-02-22	67.85	48.91	233.15
2013-02-25	66.13	47.67	227.24
2013-02-26	66.27	47.76	227.71
2013-02-27	66.36	47.83	228.01
2013-02-28	67.25	48.47	231.08
2013-03-01	67.54	48.68	232.08
2013-03-04	65.93	47.52	226.55
2013-03-05	66.56	47.97	228.7
2013-03-06	64.73	46.65	222.41
2013-03-07	65.62	47.3	225.48
2013-03-08	65.6	47.28	225.4
2013-03-11	65.78	47.41	226.02
2013-03-12	65.69	47.34	225.71
2013-03-13	65.91	47.51	226.48
2013-03-14	67.25	48.47	231.08
2013-03-15	67.14	48.39	230.7
2013-03-18	66.5	47.92	228.47
2013-03-19	67.17	48.41	230.78
2013-03-20	68.46	49.34	235.23
2013-03-21	67.95	48.97	233.46
2013-03-22	68.04	49.04	233.77
2013-03-25	67.81	48.87	233
2013-03-26	68.66	49.49	235.92
2013-03-27	69.16	49.84	237.61
2013-03-28	64.93	46.8	223.1
2013-04-01	63.42	45.7	217.88
2013-04-02	64.04	46.15	220.03
2013-04-03	65.69	47.34	225.71
2013-04-04	64.49	46.48	221.57
2013-04-05	64.87	46.75	223.28
2013-04-08	66.57	47.97	229.56
2013-04-09	66.72	48.08	230.55
2013-04-10	65.28	47.05	226.06
2013-04-11	66.04	47.59	229.16
2013-04-12	67.17	48.4	233.08
2013-04-15	65.37	47.11	226.86
2013-04-16	66.15	47.67	229.55
2013-04-17	66.13	47.66	229.47
2013-04-18	66.26	47.75	229.93
2013-04-19	66.39	47.85	230.39
2013-04-22	65.68	47.34	227.94
2013-04-23	65.33	47.08	226.71
2013-04-24	65.46	47.18	227.17
2013-04-25	67.37	48.55	233.77
2013-04-26	66.39	47.85	230.39
2013-04-29	68.63	49.46	238.14
2013-04-30	69.84	50.33	242.36
2013-05-01	69.2	49.87	240.14
2013-05-02	69.95	50.41	242.75
2013-05-03	68.83	49.6	238.83
2013-05-06	66.95	48.25	232.31
2013-05-07	67.06	48.32	232.69
2013-05-08	67.26	48.47	233.38
2013-05-09	68.94	49.68	239.22
2013-05-10	67.12	48.37	232.92
2013-05-13	67.81	48.87	235.3
2013-05-14	67.85	48.9	235.46
2013-05-15	66.51	47.93	230.78
2013-05-16	65.78	47.4	228.24
2013-05-17	65.22	47	226.32
2013-05-20	65.91	47.5	228.7
2013-05-21	65.33	47.08	226.71
2013-05-22	65.75	47.38	228.17
2013-05-23	66.75	48.1	231.62
2013-05-24	65.98	47.54	228.93
2013-05-28	65.78	47.4	228.24
2013-05-29	66.15	47.67	229.55
2013-05-30	66	47.56	229.01
2013-05-31	66.44	47.88	230.55
2013-06-03	66.48	47.91	230.7
2013-06-04	66.42	47.86	230.47
2013-06-05	65.75	47.38	228.17
2013-06-06	65.33	47.08	226.71
2013-06-07	65.03	46.86	226.11
2013-06-10	64.21	46.27	223.67
2013-06-11	64.52	46.49	225.07
2013-06-12	63.28	45.6	221
2013-06-13	63.52	45.78	222.18
2013-06-14	62.8	45.25	219.65
2013-06-17	62.82	45.27	219.72
2013-06-18	63.33	45.63	221.49
2013-06-19	64.99	46.83	227.32
2013-06-20	64.77	46.68	226.55
2013-06-21	64.6	46.55	225.94
2013-06-24	63.11	45.48	220.72
2013-06-25	62.6	45.11	218.96
2013-06-26	61.97	44.65	216.73
2013-06-27	61.61	44.4	215.5
2013-06-28	60.65	43.7	212.13
2013-07-01	60.63	43.69	212.05
2013-07-02	60.63	43.69	212.05
2013-07-03	60.96	43.93	213.2
2013-07-05	60.19	43.37	210.51
2013-07-08	60.47	43.58	211.51
2013-07-09	61.77	44.51	216.04
2013-07-10	62.23	44.84	217.65
2013-07-11	62.19	44.81	217.5
2013-07-12	62.19	44.81	217.5
2013-07-15	61.53	44.34	215.2
2013-07-16	61.77	44.51	216.04
2013-07-17	61.68	44.45	215.73
2013-07-18	61.64	44.42	215.58
2013-07-19	61.9	44.61	216.5
2013-07-22	61.62	44.4	215.5
2013-07-23	61.35	44.21	214.58
2013-07-24	61.2	44.1	214.04
2013-07-25	60.76	43.78	212.51
2013-07-26	60.7	43.74	212.28
2013-07-29	60.59	43.66	211.9
2013-07-30	61.11	44.04	213.74
2013-07-31	62.03	44.7	216.96
2013-08-01	62.03	44.7	216.96
2013-08-02	62.03	44.7	216.96
2013-08-05	61.05	43.99	213.51
2013-08-06	61.62	44.4	215.5
2013-08-07	61.35	44.21	215.1
2013-08-08	61.55	44.35	216.09
2013-08-09	61.19	44.09	215.2
2013-08-12	61.46	44.29	216.56
2013-08-13	61.06	44	215.5
2013-08-14	61.15	44.06	215.81
2013-08-15	61.43	44.27	216.81
2013-08-16	61.09	44.02	215.58
2013-08-19	61.52	44.33	217.11
2013-08-20	60.82	43.83	214.66
2013-08-21	61.04	43.98	215.43
2013-08-22	60.46	43.56	213.35
2013-08-23	60.65	43.7	214.04
2013-08-26	62.04	44.71	218.96
2013-08-27	61.85	44.56	218.27
2013-08-28	61.78	44.52	218.04
2013-08-29	61.17	44.08	215.89
2013-08-30	61.2	44.09	215.96
2013-09-03	60.8	43.81	214.58
2013-09-04	60.72	43.75	214.27
2013-09-05	59.96	43.2	211.59
2013-09-06	60.5	43.59	213.51
2013-09-09	59.89	43.15	211.36
2013-09-10	60.43	43.55	213.28
2013-09-11	60.43	43.55	213.28
2013-09-12	61.04	43.98	215.43
2013-09-13	60.2	43.37	212.43
2013-09-16	60	43.23	211.74
2013-09-17	60.04	43.26	211.9
2013-09-18	60.24	43.4	212.59
2013-09-19	61.07	44	215.5
2013-09-20	60.26	43.42	212.66
2013-09-23	60.7	43.73	214.2
2013-09-24	61.33	44.19	216.42
2013-09-25	62.48	45.02	220.49
2013-09-26	63.26	45.58	223.25
2013-09-27	63.65	45.86	224.64
2013-09-30	64.33	46.35	227.01
2013-10-01	64.81	46.7	228.7
2013-10-02	65.63	47.29	231.62
2013-10-03	65.72	47.35	231.93
2013-10-04	65.26	47.02	230.31
2013-10-07	65.81	47.42	232.23
2013-10-08	66.15	47.67	233.46
2013-10-09	66.02	47.57	233
2013-10-10	65.72	47.35	231.93
2013-10-11	66.13	47.65	233.38
2013-10-14	66.24	47.73	233.77
2013-10-15	65.79	47.4	232.16
2013-10-16	64.79	46.68	228.63
2013-10-17	65.16	46.95	229.93
2013-10-18	66.87	48.18	235.99
2013-10-21	66.22	47.71	233.69
2013-10-22	66.59	47.98	235
2013-10-23	67.05	48.31	236.61
2013-10-24	66.48	47.9	234.61
2013-10-25	66.03	47.57	233
2013-10-28	65.31	47.06	230.47
2013-10-29	65.4	47.12	230.78
2013-10-30	65.05	46.87	229.55
2013-10-31	64.42	46.41	227.32
2013-11-01	63.81	45.97	225.17
2013-11-04	63.44	45.71	223.87
2013-11-05	62.83	45.27	221.72
2013-11-06	62.33	44.91	219.95
2013-11-07	61.98	44.66	218.89
2013-11-08	61.63	44.41	217.84
2013-11-11	61.4	44.24	217.08
2013-11-12	61.1	44.02	216.07
2013-11-13	60.99	43.94	215.73
2013-11-14	61.16	44.07	216.35
2013-11-15	60.77	43.79	214.97
2013-11-18	60.45	43.55	213.81
2013-11-19	60.88	43.86	215.35
2013-11-20	60.53	43.61	214.12
2013-11-21	60.3	43.44	213.28
2013-11-22	60.84	43.83	215.2
2013-11-25	60.9	43.88	215.43
2013-11-26	60.62	43.68	214.43
2013-11-27	61.32	44.18	216.88
2013-11-29	61.55	44.35	217.73
2013-12-02	61.25	44.13	216.65
2013-12-03	61.75	44.49	218.42
2013-12-04	61.12	44.04	216.19
2013-12-05	60.34	43.47	213.43
2013-12-06	60.36	43.49	213.51
2013-12-09	60.41	43.52	213.66
2013-12-10	59.39	42.78	210.05
2013-12-11	59.43	42.82	210.21
2013-12-12	58.87	42.41	208.21
2013-12-13	58.37	42.05	206.45
2013-12-16	57.76	41.61	204.3
2013-12-17	57.33	41.3	202.76
2013-12-18	56.74	40.88	200.69
2013-12-19	56.65	40.82	200.38
2013-12-20	57.04	41.1	201.77
2013-12-23	56.28	40.55	199.08
2013-12-24	56.11	40.42	198.47
2013-12-26	55.94	40.3	197.85
2013-12-27	55.92	40.28	197.77
2013-12-30	55.18	39.75	195.17
2013-12-31	55.59	40.05	196.62
2014-01-02	54.79	39.47	193.78
2014-01-03	55.77	40.17	197.24
2014-01-06	55.9	40.27	197.7
2014-01-07	56	40.35	198.08
2014-01-08	55.29	39.83	195.55
2014-01-09	55.46	39.96	196.16
2014-01-10	54.33	39.14	192.17
2014-01-13	53.79	38.75	190.25
2014-01-14	54.85	39.52	194.01
2014-01-15	53.86	38.8	190.48
2014-01-16	54.64	39.36	193.25
2014-01-17	54.1	38.97	191.33
2014-01-21	53.92	38.85	190.71
2014-01-22	54.23	39.06	191.79
2014-01-23	54.88	39.53	194.09
2014-01-24	54.44	39.22	192.56
2014-01-27	54.03	38.92	191.1
2014-01-28	53.99	38.89	190.94
2014-01-29	52.84	38.06	186.88
2014-01-30	53.01	38.19	187.49
2014-01-31	53.42	38.49	188.95
2014-02-03	54.18	39.03	191.63
2014-02-04	56.11	40.42	198.47
2014-02-05	56.53	40.72	199.92
2014-02-06	56.31	40.56	199.16
2014-02-07	56.35	40.6	198.65
2014-02-10	57.48	41.41	201.8
2014-02-11	57.9	41.71	202.73
2014-02-12	57.81	41.64	202.06
2014-02-13	58.53	42.16	204.07
2014-02-14	58.64	42.24	204.45
2014-02-18	59.52	42.87	207.52
2014-02-19	60.02	43.24	209.29
2014-02-20	60.2	43.37	209.9
2014-02-21	59.47	42.84	207.37
2014-02-24	60.22	43.38	209.98
2014-02-25	60.84	43.83	212.13
2014-02-26	59.87	43.13	208.75
2014-02-27	58.59	42.21	204.3
2014-02-28	59.34	42.75	206.91
2014-03-03	61.63	44.4	214.89
2014-03-04	62.47	45	217.81
2014-03-05	62.53	45.05	218.04
2014-03-06	62.8	45.24	218.96
2014-03-07	63.5	45.74	221.41
2014-03-10	62.62	45.11	218.34
2014-03-11	64.14	46.2	223.64
2014-03-12	65.84	47.42	229.55
2014-03-13	64.87	46.73	226.17
2014-03-14	66.17	47.66	230.7
2014-03-17	65.46	47.15	228.24
2014-03-18	67.2	48.41	234.31
2014-03-19	69.4	49.99	241.98
2014-03-20	68.85	49.6	240.06
2014-03-21	67.91	48.91	236.76
2014-03-24	69.95	50.39	243.9
2014-03-25	69.71	50.22	243.05
2014-03-26	67.91	48.91	236.76
2014-03-27	69.01	49.71	240.6
2014-03-28	67.22	48.42	234.38
2014-03-31	67.27	48.46	234.54
2014-04-01	66.34	47.79	231.31
2014-04-02	65.05	46.85	226.78
2014-04-03	65.51	47.19	228.4
2014-04-04	64.61	46.54	225.25
2014-04-07	65.11	46.9	227.41
2014-04-08	65.31	47.04	228.55
2014-04-09	64.56	46.51	226.39
2014-04-10	63.6	45.81	223.39
2014-04-11	63.33	45.62	222.87
2014-04-14	65.28	47.02	229.7
2014-04-15	67.3	48.48	236.84
2014-04-16	66.37	47.8	233.54
2014-04-17	66.74	48.07	234.84
2014-04-21	64.71	46.61	227.71
2014-04-22	65.15	46.92	229.24
2014-04-23	65.47	47.16	230.39
2014-04-24	66.78	48.1	235
2014-04-25	68	48.98	239.29
2014-04-28	68.61	49.42	241.44
2014-04-29	70.01	50.43	246.35
2014-04-30	70.88	51.06	249.42
2014-05-01	70.14	50.52	246.82
2014-05-02	71.69	51.64	252.26
2014-05-05	72.58	52.28	255.41
2014-05-06	73.78	53.15	259.63
2014-05-07	73.41	52.88	258.33
2014-05-08	73.5	52.94	258.63
2014-05-09	72.3	52.08	254.41
2014-05-12	71.93	51.81	253.11
2014-05-13	71.95	51.83	253.19
2014-05-14	70.34	50.66	247.51
2014-05-15	67.94	48.94	239.06
2014-05-16	66.98	48.24	235.69
2014-05-19	67.07	48.31	235.99
2014-05-20	67.02	48.28	235.84
2014-05-21	66.43	47.85	233.77
2014-05-22	65.58	47.24	230.78
2014-05-23	64.99	46.81	228.7
2014-05-27	64.41	46.39	226.63
2014-05-28	64.21	46.25	225.94
2014-05-29	63.73	45.9	224.25
2014-05-30	63.08	45.43	221.95
2014-06-02	62.7	45.17	220.64
2014-06-03	61.75	44.47	217.27
2014-06-04	62.25	44.84	219.03
2014-06-05	62.29	44.87	219.19
2014-06-06	64.17	46.22	226.08
2014-06-09	63.98	46.09	225.62
2014-06-10	63.33	45.61	223.52
2014-06-11	61.5	44.3	217.36
2014-06-12	61.61	44.38	218.04
2014-06-13	62.06	44.7	219.65
2014-06-16	61.46	44.27	217.5
2014-06-17	61.83	44.53	218.8
2014-06-18	63.08	45.44	223.25
2014-06-19	63.04	45.41	223.1
2014-06-20	62.26	44.84	220.34
2014-06-23	61.83	44.53	218.8
2014-06-24	61.05	43.97	216.04
2014-06-25	61.89	44.58	219.03
2014-06-26	62	44.66	219.42
2014-06-27	62.61	45.09	221.57
2014-06-30	60.74	43.75	214.97
2014-07-01	59.74	43.03	211.44
2014-07-02	59.14	42.59	209.29
2014-07-03	59.61	42.94	210.97
2014-07-07	58.1	41.84	205.6
2014-07-08	57.62	41.5	203.91
2014-07-09	56.67	40.81	200.54
2014-07-10	56.15	40.44	198.7
2014-07-11	55.19	39.75	195.32
2014-07-14	56.06	40.38	198.39
2014-07-15	55.43	39.92	196.16
2014-07-16	55.28	39.81	195.63
2014-07-17	56.3	40.55	199.23
2014-07-18	54.97	39.6	194.55
2014-07-21	54.48	39.24	192.79
2014-07-22	53.89	38.81	190.71
2014-07-23	54.09	38.96	191.4
2014-07-24	53.83	38.77	190.48
2014-07-25	54.76	39.44	193.78
2014-07-28	54.26	39.08	192.02
2014-07-29	53.04	38.21	187.72
2014-07-30	53.52	38.55	189.41
2014-07-31	54.28	39.1	192.1
2014-08-01	54.89	39.53	194.24
2014-08-04	55.39	39.89	196.01
2014-08-05	55.76	40.16	197.31
2014-08-06	56.93	41	201.46
2014-08-07	56.06	40.38	199.22
2014-08-08	54.59	39.32	194.83
2014-08-11	54.11	38.97	193.92
2014-08-12	53.21	38.32	191.51
2014-08-13	52.56	37.85	190.1
2014-08-14	52.9	38.1	191.33
2014-08-15	53.83	38.77	194.7
2014-08-18	53.6	38.6	193.86
2014-08-19	54.11	38.97	195.7
2014-08-20	53.53	38.56	193.63
2014-08-21	53.66	38.65	194.09
2014-08-22	54.66	39.37	197.7
2014-08-25	53.75	38.71	194.4
2014-08-26	53.62	38.62	193.94
2014-08-27	54.15	39	195.86
2014-08-28	54.72	39.41	197.93
2014-08-29	54.55	39.29	197.31
2014-09-02	53.68	38.66	194.17
2014-09-03	52.35	37.7	189.33
2014-09-04	52.64	37.92	190.41
2014-09-05	53.34	38.42	192.94
2014-09-08	53.39	38.45	193.09
2014-09-09	52.88	38.08	191.25
2014-09-10	52.24	37.63	188.95
2014-09-11	51.46	37.06	186.11
2014-09-12	50.35	36.26	182.12
2014-09-15	49.76	35.84	179.97
2014-09-16	49.5	35.65	179.05
2014-09-17	49.42	35.59	178.74
2014-09-18	48.36	34.83	174.9
2014-09-19	47.55	34.25	171.99
2014-09-22	47.55	34.25	171.99
2014-09-23	47.7	34.35	172.52
2014-09-24	47.89	34.49	173.22
2014-09-25	47.89	34.49	173.22
2014-09-26	47.85	34.46	173.06
2014-09-29	48.08	34.63	173.91
2014-09-30	47.36	34.11	171.3
2014-10-01	47.32	34.08	171.14
2014-10-02	47.66	34.32	172.37
2014-10-03	48.21	34.72	174.37
2014-10-06	48.85	35.18	176.67
2014-10-07	49.93	35.96	180.58
2014-10-08	49.78	35.85	180.05
2014-10-09	48.61	35.01	175.83
2014-10-10	49.04	35.32	177.36
2014-10-13	49.59	35.71	179.36
2014-10-14	50.1	36.08	181.2
2014-10-15	50.25	36.19	181.73
2014-10-16	51.35	36.98	185.73
2014-10-17	51.07	36.78	184.73
2014-10-20	51.01	36.74	184.5
2014-10-21	51.12	36.82	184.88
2014-10-22	51.37	37	185.8
2014-10-23	51.37	37	185.8
2014-10-24	50.4	36.3	182.27
2014-10-27	50.48	36.36	182.58
2014-10-28	51.1	36.8	184.8
2014-10-29	51.48	37.07	186.19
2014-10-30	51.1	36.8	184.8
2014-10-31	50.4	36.3	182.27
2014-11-03	50.71	36.52	183.42
2014-11-04	50.1	36.08	181.2
2014-11-05	49.61	35.73	179.43
2014-11-06	49.14	35.39	177.74
2014-11-07	48.32	34.8	175.04
2014-11-10	48.61	35.01	176.3
2014-11-11	49.02	35.3	177.87
2014-11-12	50.68	36.5	183.9
2014-11-13	51.26	36.92	186.03
2014-11-14	51.45	37.05	186.72
2014-11-17	50.75	36.55	184.19
2014-11-18	50.45	36.34	183.12
2014-11-19	49.84	35.9	180.89
2014-11-20	51.28	36.93	186.11
2014-11-21	51.34	36.98	186.34
2014-11-24	51.24	36.9	185.96
2014-11-25	52.36	37.71	190.02
2014-11-26	52.72	37.97	191.33
2014-11-28	54.13	38.99	196.47
2014-12-01	56.18	40.46	203.91
2014-12-02	55.17	39.73	200.23
2014-12-03	54.11	38.97	196.39
2014-12-04	53.75	38.71	195.09
2014-12-05	54.07	38.94	196.24
2014-12-08	54.07	38.94	196.24
2014-12-09	52.61	37.89	190.94
2014-12-10	52.23	37.62	189.56
2014-12-11	53.08	38.23	192.63
2014-12-12	53.65	38.64	194.7
2014-12-15	54.73	39.41	198.62
2014-12-16	55.38	39.89	201
2014-12-17	57.64	41.51	209.21
2014-12-18	57.83	41.65	209.9
2014-12-19	56.33	40.57	204.45
2014-12-22	55.64	40.07	201.92
2014-12-23	56.23	40.49	204.07
2014-12-24	54.47	39.23	197.7
2014-12-26	54.49	39.25	197.77
2014-12-29	54.77	39.44	198.77
2014-12-30	53.8	38.74	195.24
2014-12-31	52.99	38.16	192.33
2015-01-02	52.19	37.59	189.41
2015-01-05	52.85	38.06	191.79
2015-01-06	53.4	38.45	193.78
2015-01-07	52.44	37.77	190.33
2015-01-08	51.41	37.02	186.57
2015-01-09	50.79	36.58	184.34
2015-01-12	49.95	35.97	181.27
2015-01-13	49.21	35.44	178.59
2015-01-14	48.64	35.03	176.52
2015-01-15	48.47	34.91	175.9
2015-01-16	48.81	35.15	177.13
2015-01-20	48.87	35.19	177.36
2015-01-21	48.41	34.86	175.67
2015-01-22	47.77	34.4	173.37
2015-01-23	47.71	34.36	173.14
2015-01-26	46.9	33.78	170.22
2015-01-27	46.54	33.52	168.92
2015-01-28	45.32	32.64	164.47
2015-01-29	46.02	33.14	167
2015-01-30	45.7	32.91	165.85
2015-02-02	45.21	32.56	164.08
2015-02-03	47.28	34.05	171.6
2015-02-04	46.76	33.67	169.69
2015-02-05	47.71	34.36	173.14
2015-02-06	47.52	34.22	172.65
2015-02-09	47.66	34.32	173.32
2015-02-10	46.85	33.74	170.53
2015-02-11	47.23	34.01	171.99
2015-02-12	46.77	33.68	170.38
2015-02-13	47.5	34.21	173.06
2015-02-17	47.42	34.15	172.76
2015-02-18	46.3	33.35	168.69
2015-02-19	45.97	33.1	167.46
2015-02-20	45.36	32.66	165.23
2015-02-23	45.17	32.53	164.54
2015-02-24	45.33	32.65	165.16
2015-02-25	44.72	32.21	162.93
2015-02-26	44.87	32.31	163.47
2015-02-27	45.46	32.74	165.62
2015-03-02	44.3	31.9	161.4
2015-03-03	45.1	32.48	164.31
2015-03-04	44.43	32	161.86
2015-03-05	43.57	31.37	158.71
2015-03-06	44.01	31.69	160.32
2015-03-09	44.7	32.19	162.86
2015-03-10	45.17	32.53	164.54
2015-03-11	45.57	32.81	166
2015-03-12	46.05	33.16	167.77
2015-03-13	45.44	32.72	165.54
2015-03-16	46.77	33.68	170.38
2015-03-17	45.74	32.94	166.62
2015-03-18	46.6	33.56	169.76
2015-03-19	46.37	33.39	168.92
2015-03-20	47.99	34.56	174.83
2015-03-23	48.41	34.86	176.36
2015-03-24	47.63	34.3	173.52
2015-03-25	47.44	34.16	172.83
2015-03-26	45.76	32.95	166.69
2015-03-27	46.6	33.56	169.76
2015-03-30	48.56	34.97	176.9
2015-03-31	47.13	33.94	171.68
2015-04-01	48.2	34.71	175.59
2015-04-02	49.11	35.36	178.89
2015-04-06	48.2	34.71	175.59
2015-04-07	47.63	34.3	173.52
2015-04-08	47.3	34.06	172.57
2015-04-09	46.48	33.47	169.88
2015-04-10	47.05	33.89	172.22
2015-04-13	44.57	32.1	163.38
2015-04-14	43.96	31.66	161.4
2015-04-15	43.32	31.19	159.02
2015-04-16	42.98	30.95	157.79
2015-04-17	43.04	31	158.02
2015-04-20	43.32	31.19	159.02
2015-04-21	43.4	31.25	159.32
2015-04-22	43.25	31.15	158.79
2015-04-23	43.65	31.43	160.25
2015-04-24	42.44	30.56	155.79
2015-04-27	41.48	29.87	152.26
2015-04-28	42.06	30.29	154.41
2015-04-29	42.61	30.68	156.41
2015-04-30	41.73	30.05	153.19
2015-05-01	41.85	30.14	153.65
2015-05-04	41.67	30	152.95
2015-05-05	41	29.52	150.5
2015-05-06	42.1	30.32	154.57
2015-05-07	41.79	30.09	153.42
2015-05-08	42.52	30.62	156.1
2015-05-11	42.54	30.64	156.18
2015-05-12	42.46	30.58	155.87
2015-05-13	42.61	30.68	156.41
2015-05-14	45.43	32.71	166.77
2015-05-15	45.3	32.62	166.31
2015-05-18	46.41	33.42	170.38
2015-05-19	45.16	32.52	165.77
2015-05-20	45.58	32.82	167.31
2015-05-21	46.64	33.59	171.22
2015-05-22	45.7	32.91	167.77
2015-05-26	43.86	31.58	161.01
2015-05-27	42.82	30.83	157.18
2015-05-28	42.67	30.73	156.64
2015-05-29	41.71	30.03	153.11
2015-06-01	43	30.97	157.87
2015-06-02	44.78	32.25	164.39
2015-06-03	44.26	31.87	162.47
2015-06-04	45.26	32.59	166.16
2015-06-05	44.76	32.23	164.97
2015-06-08	45.54	32.8	168.56
2015-06-09	45.85	33.02	170.42
2015-06-10	44.34	31.93	165.43
2015-06-11	43.73	31.49	163.78
2015-06-12	43.91	31.62	164.47
2015-06-15	42.48	30.59	159.09
2015-06-16	42.25	30.42	158.25
2015-06-17	42.19	30.38	158.02
2015-06-18	41.62	29.97	155.87
2015-06-19	42.05	30.28	157.48
2015-06-22	42.7	30.75	159.94
2015-06-23	44.24	31.86	165.69
2015-06-24	43.68	31.46	163.62
2015-06-25	44.55	32.08	166.85
2015-06-26	46.64	33.58	174.67
2015-06-29	47.66	34.32	178.51
2015-06-30	50.02	36.02	187.34
2015-07-01	48.56	34.97	181.89
2015-07-02	48.5	34.92	181.66
2015-07-06	48.56	34.97	181.89
2015-07-07	48.05	34.6	179.97
2015-07-08	47.78	34.41	178.97
2015-07-09	47.48	34.19	177.82
2015-07-10	46.9	33.77	175.67
2015-07-13	46.49	33.48	174.14
2015-07-14	46	33.12	172.29
2015-07-15	45.82	32.99	171.6
2015-07-16	45.34	32.65	169.84
2015-07-17	44.79	32.25	167.77
2015-07-20	43.07	31.01	161.32
2015-07-21	42.46	30.57	159.02
2015-07-22	41.98	30.23	157.25
2015-07-23	42.37	30.51	158.71
2015-07-24	41.57	29.94	155.72
2015-07-27	40.92	29.47	153.26
2015-07-28	41.37	29.79	154.95
2015-07-29	40.59	29.23	152.03
2015-07-30	40.24	28.98	150.73
2015-07-31	40.35	29.05	151.11
2015-08-03	40.08	28.86	150.12
2015-08-04	39.75	28.62	148.89
2015-08-05	40.12	28.89	150.27
2015-08-06	40.12	28.89	150.27
2015-08-07	40.41	29.1	152.62
2015-08-10	41.35	29.77	157.45
2015-08-11	40.03	28.83	153.77
2015-08-12	39	28.08	151.11
2015-08-13	39.78	28.64	155.41
2015-08-14	40.07	28.86	156.56
2015-08-17	39.46	28.42	154.18
2015-08-18	38.93	28.04	152.11
2015-08-19	38.8	27.94	151.57
2015-08-20	39.39	28.36	153.88
2015-08-21	38.72	27.88	151.27
2015-08-24	39.09	28.15	152.72
2015-08-25	38.42	27.67	150.12
2015-08-26	38.44	27.68	150.19
2015-08-27	38.37	27.62	149.88
2015-08-28	37.99	27.36	148.43
2015-08-31	38.33	27.6	149.73
2015-09-01	37.89	27.29	148.04
2015-09-02	37.31	26.86	145.74
2015-09-03	36.76	26.47	143.59
2015-09-04	37.31	26.86	145.74
2015-09-08	37.48	26.99	146.43
2015-09-09	37.13	26.73	145.05
2015-09-10	37.52	27.02	146.58
2015-09-11	37.9	27.29	148.04
2015-09-14	39	28.08	152.34
2015-09-15	38.7	27.87	151.19
2015-09-16	38.23	27.53	149.35
2015-09-17	37.66	27.12	147.12
2015-09-18	37.9	27.29	148.04
2015-09-21	38.54	27.75	150.58
2015-09-22	38.35	27.61	149.81
2015-09-23	39.43	28.39	154.03
2015-09-24	38.51	27.72	150.42
2015-09-25	39.31	28.3	153.57
2015-09-28	39.09	28.15	152.72
2015-09-29	38.88	27.99	151.88
2015-09-30	39.43	28.39	154.03
2015-10-01	39.88	28.71	155.79
2015-10-02	39.33	28.32	153.65
2015-10-05	39.45	28.4	154.11
2015-10-06	40.53	29.18	158.33
2015-10-07	39.92	28.74	155.95
2015-10-08	39.57	28.49	154.57
2015-10-09	39.31	28.3	153.57
2015-10-12	39.11	28.16	152.8
2015-10-13	40.16	28.91	156.87
2015-10-14	39.35	28.33	153.72
2015-10-15	39	28.08	152.34
2015-10-16	37.99	27.36	148.43
2015-10-19	37.11	26.72	144.97
2015-10-20	37.44	26.96	146.28
2015-10-21	37.76	27.19	147.51
2015-10-22	37.37	26.9	145.97
2015-10-23	37.37	26.9	145.97
2015-10-26	38.68	27.85	151.11
2015-10-27	38.35	27.61	149.81
2015-10-28	38.15	27.47	149.04
2015-10-29	38.37	27.62	149.88
2015-10-30	38.8	27.94	151.57
2015-11-02	37.94	27.31	148.2
2015-11-03	38.31	27.58	149.65
2015-11-04	38.72	27.88	151.27
2015-11-05	38.19	27.5	149.19
2015-11-06	38.53	27.74	151.45
2015-11-09	37.26	26.83	147.44
2015-11-10	36.23	26.08	144.3
2015-11-11	36.46	26.25	146.14
2015-11-12	36.39	26.2	146.74
2015-11-13	36.53	26.3	147.28
2015-11-16	36.62	26.37	147.66
2015-11-17	36.26	26.11	146.2
2015-11-18	36.03	25.94	145.28
2015-11-19	36.26	26.11	146.2
2015-11-20	35.82	25.79	144.44
2015-11-23	36.39	26.2	146.74
2015-11-24	35.97	25.9	145.05
2015-11-25	35.94	25.87	144.9
2015-11-27	35.52	25.57	143.21
2015-11-30	35.99	25.91	145.13
2015-12-01	35.71	25.71	143.98
2015-12-02	35.48	25.54	143.05
2015-12-03	36.28	26.12	146.28
2015-12-04	36.59	26.34	147.51
2015-12-07	36.13	26.01	145.66
2015-12-08	35.98	25.9	145.05
2015-12-09	36.59	26.34	147.51
2015-12-10	37.29	26.85	150.35
2015-12-11	36.74	26.45	148.12
2015-12-14	37.16	26.75	149.81
2015-12-15	37.48	26.98	151.11
2015-12-16	36.63	26.37	147.66
2015-12-17	36.59	26.34	147.51
2015-12-18	36.72	26.43	148.04
2015-12-21	36.08	25.97	145.43
2015-12-22	35.83	25.79	144.44
2015-12-23	35.72	25.71	143.98
2015-12-24	35.6	25.63	143.52
2015-12-28	35.49	25.54	143.05
2015-12-29	36.04	25.94	145.28
2015-12-30	35.45	25.52	142.9
2015-12-31	35.68	25.68	143.82
2016-01-04	34.59	24.9	139.45
2016-01-05	35.03	25.21	141.21
2016-01-06	35.11	25.27	141.52
2016-01-07	35.24	25.37	142.06
2016-01-08	36	25.91	145.13
2016-01-11	35.21	25.34	141.9
2016-01-12	36.61	26.35	147.58
2016-01-13	36.25	26.09	146.12
2016-01-14	35.68	25.68	143.82
2016-01-15	36.1	25.98	145.51
2016-01-19	36.01	25.91	145.13
2016-01-20	35.59	25.61	143.44
2016-01-21	35.91	25.84	144.74
2016-01-22	35.86	25.8	144.51
2016-01-25	36.1	25.98	145.51
2016-01-26	36.31	26.13	146.35
2016-01-27	35.61	25.63	143.52
2016-01-28	35.4	25.47	142.67
2016-01-29	35.95	25.87	144.9
2016-02-01	35.55	25.58	143.28
2016-02-02	35.44	25.5	142.82
2016-02-03	35.69	25.68	143.82
2016-02-04	35.02	25.2	141.14
2016-02-05	34.58	24.89	139.95
2016-02-08	33.95	24.43	137.99
2016-02-09	33.9	24.39	138.4
2016-02-10	33.87	24.37	138.86
2016-02-11	33.83	24.34	139.29
2016-02-12	33.83	24.34	139.29
2016-02-16	34.3	24.68	141.21
2016-02-17	34.5	24.83	142.06
2016-02-18	34.52	24.84	142.13
2016-02-19	34.77	25.01	143.13
2016-02-22	34.56	24.87	142.29
2016-02-23	34.04	24.49	140.14
2016-02-24	33.84	24.34	139.29
2016-02-25	34.08	24.52	140.29
2016-02-26	33.87	24.37	139.45
2016-02-29	34.12	24.54	140.45
2016-03-01	33.52	24.12	137.99
2016-03-02	33.93	24.41	139.68
2016-03-03	34.75	25	143.05
2016-03-04	34.96	25.15	143.9
2016-03-07	35.11	25.26	144.51
2016-03-08	35.13	25.27	144.59
2016-03-09	35.48	25.52	146.05
2016-03-10	36.04	25.93	148.35
2016-03-11	36.02	25.91	148.27
2016-03-14	36.47	26.23	150.12
2016-03-15	36.47	26.23	150.12
2016-03-16	36.08	25.95	148.5
2016-03-17	35.11	25.26	144.51
2016-03-18	35.02	25.19	144.13
2016-03-21	35.41	25.47	145.74
2016-03-22	35.56	25.58	146.35
2016-03-23	35.22	25.34	144.97
2016-03-24	35.19	25.31	144.82
2016-03-28	35.58	25.59	146.43
2016-03-29	35.93	25.85	147.89
2016-03-30	34.74	24.99	142.98
2016-03-31	35.52	25.55	146.2
2016-04-01	35.64	25.63	146.66
2016-04-04	35.45	25.5	145.89
2016-04-05	35.32	25.4	145.36
2016-04-06	34.41	24.75	141.6
2016-04-07	33.89	24.37	140.14
2016-04-08	34.31	24.67	142.53
2016-04-11	33.1	23.8	138.16
2016-04-12	33.34	23.98	139.82
2016-04-13	33.89	24.37	142.75
2016-04-14	33.94	24.41	142.98
2016-04-15	34.13	24.54	143.75
2016-04-18	34.66	24.92	145.97
2016-04-19	35.55	25.56	149.73
2016-04-20	36.77	26.44	154.87
2016-04-21	36.44	26.21	153.49
2016-04-22	34.51	24.82	145.36
2016-04-25	34.53	24.83	145.43
2016-04-26	34.84	25.05	146.74
2016-04-27	34.73	24.98	146.28
2016-04-28	34.59	24.87	145.66
2016-04-29	34.88	25.08	146.89
2016-05-02	34.57	24.86	145.59
2016-05-03	33.22	23.89	139.91
2016-05-04	33.37	23.99	140.52
2016-05-05	33	23.73	138.99
2016-05-06	33.06	23.77	139.22
2016-05-09	32.53	23.39	136.99
2016-05-10	32.67	23.49	137.61
2016-05-11	32.24	23.18	135.76
2016-05-12	32.78	23.57	138.07
2016-05-13	33.24	23.9	139.98
2016-05-16	33.06	23.77	139.22
2016-05-17	33.37	23.99	140.52
2016-05-18	33.3	23.94	140.21
2016-05-19	32.66	23.48	137.53
2016-05-20	32.73	23.53	137.84
2016-05-23	32.59	23.43	137.22
2016-05-24	32.55	23.4	137.07
2016-05-25	32.88	23.64	138.45
2016-05-26	33.7	24.23	141.9
2016-05-27	33.52	24.1	141.14
2016-05-31	32.61	23.44	137.3
2016-06-01	33.25	23.9	139.98
2016-06-02	33.87	24.35	142.59
2016-06-03	34.56	24.84	145.51
2016-06-06	35.09	25.22	147.74
2016-06-07	35.36	25.42	149.87
2016-06-08	35.93	25.83	153.29
2016-06-09	35.33	25.39	151.74
2016-06-10	34.21	24.59	148
2016-06-13	33.69	24.22	146.82
2016-06-14	33.57	24.13	146.28
2016-06-15	33.43	24.03	145.66
2016-06-16	33.01	23.72	143.82
2016-06-17	33.71	24.23	146.89
2016-06-20	33.04	23.75	143.98
2016-06-21	31.88	22.91	138.91
2016-06-22	31.77	22.84	138.45
2016-06-23	31.39	22.56	136.76
2016-06-24	31.07	22.33	135.38
2016-06-27	30.38	21.84	132.39
2016-06-28	30.17	21.69	131.47
2016-06-29	29.57	21.26	128.86
2016-06-30	29.77	21.4	129.7
2016-07-01	28.99	20.84	126.32
2016-07-05	29.35	21.09	127.86
2016-07-06	29.22	21	127.32
2016-07-07	29.05	20.88	126.55
2016-07-08	29.68	21.33	129.32
2016-07-11	29.36	21.1	127.94
2016-07-12	29.81	21.42	129.85
2016-07-13	29.77	21.4	129.7
2016-07-14	29.44	21.15	128.24
2016-07-15	29.15	20.95	127.01
2016-07-18	29.6	21.27	128.93
2016-07-19	28.93	20.79	126.02
2016-07-20	28.66	20.6	124.87
2016-07-21	28.72	20.64	125.1
2016-07-22	29.53	21.22	128.63
2016-07-25	29.83	21.43	129.93
2016-07-26	29.03	20.86	126.48
2016-07-27	29.07	20.89	126.63
2016-07-28	28.82	20.71	125.56
2016-07-29	28.88	20.75	125.79
2016-08-01	28.84	20.72	125.63
2016-08-02	28.65	20.58	124.79
2016-08-03	29.05	20.88	126.55
2016-08-04	28.6	20.55	124.56
2016-08-05	29.02	20.85	127.97
2016-08-08	28.88	20.75	128.89
2016-08-09	28.9	20.77	130.56
2016-08-10	29.04	20.87	132.79
2016-08-11	29.06	20.88	134.46
2016-08-12	29.34	21.08	135.76
2016-08-15	29.05	20.87	134.38
2016-08-16	29.01	20.84	134.23
2016-08-17	29.46	21.17	136.3
2016-08-18	29.64	21.3	137.15
2016-08-19	29.51	21.2	136.53
2016-08-22	29.2	20.98	135.07
2016-08-23	28.77	20.67	133.08
2016-08-24	28.8	20.69	133.23
2016-08-25	28.68	20.61	132.69
2016-08-26	27.65	19.87	127.94
2016-08-29	26.69	19.18	123.48
2016-08-30	26.33	18.91	121.8
2016-08-31	26.38	18.95	122.03
2016-09-01	26.98	19.38	124.79
2016-09-02	27.42	19.7	126.86
2016-09-06	27.23	19.56	125.94
2016-09-07	27.28	19.59	126.17
2016-09-08	27.74	19.93	128.32
2016-09-09	27.77	19.95	128.47
2016-09-12	28.12	20.2	130.08
2016-09-13	27.59	19.82	127.63
2016-09-14	27.76	19.94	128.4
2016-09-15	27.61	19.83	127.71
2016-09-16	27.69	19.89	128.09
2016-09-19	27.64	19.86	127.86
2016-09-20	27.78	19.95	128.47
2016-09-21	28.03	20.13	129.62
2016-09-22	27.93	20.06	129.16
2016-09-23	27.98	20.09	129.39
2016-09-26	27.48	19.74	127.09
2016-09-27	27.83	19.99	128.7
2016-09-28	27.96	20.08	129.32
2016-09-29	27.7	19.89	128.09
2016-09-30	27.58	19.81	127.55
2016-10-03	27.02	19.4	124.94
2016-10-04	26.75	19.21	123.71
2016-10-05	27.55	19.78	127.4
2016-10-06	26.88	19.31	124.33
2016-10-07	26.75	19.21	123.71
2016-10-10	27.02	19.4	124.94
2016-10-11	26.97	19.37	124.71
2016-10-12	26.45	19	122.33
2016-10-13	27.48	19.74	127.09
2016-10-14	27.73	19.91	128.24
2016-10-17	28.02	20.12	129.55
2016-10-18	28	20.11	129.47
2016-10-19	28.23	20.27	130.54
2016-10-20	28.08	20.17	129.85
2016-10-21	27.98	20.09	129.39
2016-10-24	27.39	19.66	126.63
2016-10-25	27.45	19.71	126.94
2016-10-26	27.69	19.88	128.01
2016-10-27	27.69	19.88	128.01
2016-10-28	27.31	19.6	126.25
2016-10-31	27.54	19.77	127.32
2016-11-01	27.47	19.72	127.01
2016-11-02	27.59	19.81	127.55
2016-11-03	27.26	19.57	126.02
2016-11-04	27.32	19.62	126.32
2016-11-07	27.22	19.55	126.95
2016-11-08	27.72	19.9	130.31
2016-11-09	27.24	19.56	129.16
2016-11-10	27.16	19.49	129.84
2016-11-11	27.24	19.55	131.31
2016-11-14	26.78	19.22	129.09
2016-11-15	27.1	19.45	130.62
2016-11-16	26.8	19.23	129.16
2016-11-17	27.11	19.46	130.7
2016-11-18	27.45	19.7	132.31
2016-11-21	27.51	19.75	132.62
2016-11-22	27.66	19.85	133.31
2016-11-23	27.61	19.82	133.08
2016-11-25	27.36	19.63	131.85
2016-11-28	27.42	19.68	132.16
2016-11-29	26.64	19.12	128.4
2016-11-30	26.13	18.75	125.94
2016-12-01	25.67	18.42	123.71
2016-12-02	26.04	18.69	125.48
2016-12-05	26.02	18.67	125.4
2016-12-06	25.8	18.51	124.33
2016-12-07	25.48	18.29	122.79
2016-12-08	25.78	18.5	124.25
2016-12-09	26.34	18.9	126.94
2016-12-12	26.42	18.96	127.32
2016-12-13	26.45	18.98	127.48
2016-12-14	26.76	19.2	128.93
2016-12-15	26.3	18.87	126.71
2016-12-16	26.42	18.96	127.32
2016-12-19	26.38	18.93	127.09
2016-12-20	26.3	18.87	126.71
2016-12-21	26.08	18.71	125.63
2016-12-22	26	18.65	125.25
2016-12-23	25.89	18.57	124.71
2016-12-27	26.68	19.14	128.55
2016-12-28	26.09	18.72	125.71
2016-12-29	26.46	18.98	127.48
2016-12-30	26.67	19.13	128.47
2017-01-03	26.38	18.93	127.09
2017-01-04	27.18	19.5	130.93
2017-01-05	27.69	19.86	133.38
2017-01-06	27.63	19.82	133.08
2017-01-09	27.95	20.05	134.61
2017-01-10	27.93	20.03	134.54
2017-01-11	27.52	19.74	132.54
2017-01-12	28.35	20.33	136.53
2017-01-13	28.62	20.53	137.84
2017-01-17	28.81	20.66	138.76
2017-01-18	28.83	20.67	138.83
2017-01-19	28.19	20.22	135.76
2017-01-20	28.24	20.25	135.99
2017-01-23	28.35	20.33	136.53
2017-01-24	28.16	20.19	135.61
2017-01-25	27.91	20.01	134.38
2017-01-26	28.07	20.13	135.15
2017-01-27	27.68	19.85	133.31
2017-01-30	27.14	19.46	130.7
2017-01-31	27.38	19.63	131.85
2017-02-01	28.08	20.14	135.23
2017-02-02	28.28	20.27	136.15
2017-02-03	28.08	20.14	135.23
2017-02-06	27.78	19.92	133.77
2017-02-07	28.02	20.09	135.72
2017-02-08	28.18	20.2	137.25
2017-02-09	28.75	20.61	140.78
2017-02-10	29.35	21.04	144.5
2017-02-13	29.74	21.32	147.2
2017-02-14	29.65	21.25	146.74
2017-02-15	29.9	21.43	147.97
2017-02-16	29.21	20.94	144.59
2017-02-17	29.11	20.87	144.05
2017-02-21	28.87	20.7	142.9
2017-02-22	29.23	20.95	144.67
2017-02-23	29.25	20.97	144.74
2017-02-24	28.97	20.77	143.36
2017-02-27	28.35	20.32	140.29
2017-02-28	28.75	20.61	142.29
2017-03-01	29.61	21.22	146.51
2017-03-02	29.17	20.91	144.36
2017-03-03	29.27	20.98	144.82
2017-03-06	29.41	21.08	145.51
2017-03-07	29.31	21.01	145.05
2017-03-08	28.91	20.72	143.05
2017-03-09	28.7	20.56	141.98
2017-03-10	28.26	20.25	139.83
2017-03-13	27.47	19.69	135.92
2017-03-14	27.46	19.68	135.84
2017-03-15	27.75	19.89	137.3
2017-03-16	27.92	20.01	138.14
2017-03-17	28.14	20.16	139.22
2017-03-20	27.63	19.8	136.68
2017-03-21	27.2	19.49	134.54
2017-03-22	26.84	19.23	132.77
2017-03-23	26.56	19.03	131.39
2017-03-24	26.56	19.03	131.39
2017-03-27	26.15	18.73	129.32
2017-03-28	26.32	18.85	130.16
2017-03-29	26.29	18.83	130.01
2017-03-30	25.9	18.55	128.09
2017-03-31	26.1	18.7	129.09
2017-04-03	26.01	18.63	128.63
2017-04-04	26.18	18.75	129.47
2017-04-05	26.38	18.9	130.47
2017-04-06	26.07	18.68	128.93
2017-04-07	26.18	18.75	130.24
2017-04-10	26.42	18.92	132.19
2017-04-11	26.67	19.1	134.18
2017-04-12	26.69	19.12	135.07
2017-04-13	26.5	18.98	134.84
2017-04-17	25.89	18.54	131.7
2017-04-18	26.07	18.67	132.62
2017-04-19	25.92	18.56	131.85
2017-04-20	25.07	17.95	127.55
2017-04-21	25.18	18.03	128.09
2017-04-24	25	17.9	127.17
2017-04-25	25.64	18.35	130.39
2017-04-26	25.67	18.37	130.54
2017-04-27	26.18	18.74	133.15
2017-04-28	26.39	18.89	134.23
2017-05-01	28.11	20.12	142.98
2017-05-02	28.24	20.21	143.59
2017-05-03	27.96	20.02	142.21
2017-05-04	26.83	19.21	136.45
2017-05-05	27.17	19.44	138.14
2017-05-08	26.82	19.2	136.38
2017-05-09	26.49	18.96	134.69
2017-05-10	26.52	18.98	134.84
2017-05-11	26.61	19.04	135.3
2017-05-12	26.52	18.98	134.84
2017-05-15	25.87	18.52	131.54
2017-05-16	25.63	18.34	130.31
2017-05-17	25.75	18.43	130.93
2017-05-18	25.73	18.41	130.78
2017-05-19	26.45	18.93	134.46
2017-05-22	26.33	18.84	133.85
2017-05-23	26	18.6	132.16
2017-05-24	26.14	18.7	132.85
2017-05-25	26.05	18.63	132.39
2017-05-26	26.43	18.9	134.31
2017-05-30	26.17	18.72	133
2017-05-31	26.08	18.66	132.54
2017-06-01	26.02	18.61	132.23
2017-06-02	26.17	18.72	133
2017-06-05	25.98	18.58	132
2017-06-06	26.46	18.93	134.46
2017-06-07	26.95	19.27	137.96
2017-06-08	27.41	19.6	141.38
2017-06-09	27.3	19.52	141.87
2017-06-12	26.78	19.15	140.28
2017-06-13	27.59	19.73	145.59
2017-06-14	27.64	19.76	145.82
2017-06-15	28.12	20.11	148.35
2017-06-16	28.6	20.45	150.88
2017-06-19	28.56	20.42	150.65
2017-06-20	28.65	20.48	151.11
2017-06-21	28.26	20.2	149.04
2017-06-22	28.27	20.21	149.12
2017-06-23	28.08	20.07	148.12
2017-06-26	27.44	19.62	144.74
2017-06-27	27.69	19.79	146.05
2017-06-28	27.96	19.98	147.43
2017-06-29	29.08	20.78	153.34
2017-06-30	30.82	22.03	162.55
2017-07-03	32.57	23.28	171.76
2017-07-05	33.16	23.69	174.83
2017-07-06	31.82	22.74	167.77
2017-07-07	31.62	22.59	166.69
2017-07-10	32.45	23.18	171.07
2017-07-11	32.46	23.2	171.14
2017-07-12	31.68	22.63	167
2017-07-13	30.02	21.45	158.25
2017-07-14	29.9	21.36	157.64
2017-07-17	29.5	21.07	155.49
2017-07-18	29.28	20.92	154.34
2017-07-19	29.14	20.81	153.57
2017-07-20	29.34	20.96	154.64
2017-07-21	28.89	20.64	152.26
2017-07-24	28.4	20.28	149.65
2017-07-25	27.54	19.67	145.13
2017-07-26	27.7	19.78	145.97
2017-07-27	28.02	20.01	147.66
2017-07-28	28.02	20.01	147.66
2017-07-31	27.66	19.75	145.74
2017-08-01	27.11	19.36	142.82
2017-08-02	27.07	19.33	142.59
2017-08-03	26.79	19.13	141.14
2017-08-04	26.78	19.12	141.06
2017-08-07	27.2	19.42	144.99
2017-08-08	26.84	19.16	144.71
2017-08-09	27.02	19.29	147.38
2017-08-10	26.16	18.67	144.36
2017-08-11	25.79	18.41	144.05
2017-08-14	25.52	18.22	142.52
2017-08-15	24.96	17.81	139.37
2017-08-16	24.57	17.54	137.22
2017-08-17	24.3	17.34	135.69
2017-08-18	24.31	17.35	135.76
2017-08-21	23.96	17.1	133.77
2017-08-22	23.48	16.75	131.08
2017-08-23	23.41	16.7	130.7
2017-08-24	23.82	17	133
2017-08-25	23.77	16.96	132.69
2017-08-28	23.4	16.7	130.62
2017-08-29	23.44	16.72	130.85
2017-08-30	23.61	16.84	131.77
2017-08-31	23.99	17.12	133.92
2017-09-01	24.13	17.21	134.69
2017-09-05	24.48	17.46	136.61
2017-09-06	24.68	17.61	137.76
2017-09-07	24.3	17.33	135.61
2017-09-08	24.29	17.32	135.53
2017-09-11	23.92	17.06	133.46
2017-09-12	24.3	17.33	135.61
2017-09-13	24.44	17.43	136.38
2017-09-14	24.32	17.34	135.69
2017-09-15	24.54	17.5	136.91
2017-09-18	24.34	17.35	135.76
2017-09-19	24.32	17.34	135.69
2017-09-20	24.65	17.58	137.53
2017-09-21	24.74	17.64	137.99
2017-09-22	24.78	17.67	138.22
2017-09-25	24.99	17.81	139.37
2017-09-26	24.89	17.74	138.83
2017-09-27	25.26	18.01	140.91
2017-09-28	24.93	17.77	139.06
2017-09-29	24.37	17.37	135.92
2017-10-02	24.18	17.23	134.84
2017-10-03	24.32	17.33	135.61
2017-10-04	24	17.11	133.85
2017-10-05	23.91	17.04	133.31
2017-10-06	24.05	17.14	134.08
2017-10-09	23.72	16.9	132.23
2017-10-10	23.75	16.92	132.39
2017-10-11	23.58	16.8	131.47
2017-10-12	23.47	16.72	130.85
2017-10-13	24.02	17.12	133.92
2017-10-16	23.89	17.02	133.15
2017-10-17	23.86	17	133
2017-10-18	23.57	16.79	131.39
2017-10-19	23.64	16.84	131.77
2017-10-20	23.28	16.59	129.78
2017-10-23	23.88	17.01	133.08
2017-10-24	23.91	17.03	133.23
2017-10-25	23.88	17.01	133.08
2017-10-26	23.59	16.8	131.47
2017-10-27	23.43	16.69	130.54
2017-10-30	23.24	16.55	129.47
2017-10-31	22.95	16.34	127.86
2017-11-01	22.91	16.31	127.63
2017-11-02	23.46	16.7	130.7
2017-11-03	23.52	16.74	131.01
2017-11-06	23.7	16.87	132
2017-11-07	23.5	16.73	131.99
2017-11-08	23.56	16.78	133.38
2017-11-09	23.63	16.83	134.83
2017-11-10	23.86	16.98	137.11
2017-11-13	23.55	16.76	136.38
2017-11-14	23.6	16.8	136.68
2017-11-15	23.07	16.42	133.61
2017-11-16	23.04	16.4	133.38
2017-11-17	23.3	16.58	134.92
2017-11-20	23	16.37	133.15
2017-11-21	23.21	16.52	134.38
2017-11-22	23.25	16.55	134.61
2017-11-24	22.91	16.3	132.62
2017-11-27	22.55	16.05	130.54
2017-11-28	22.69	16.14	131.31
2017-11-29	22.89	16.28	132.46
2017-11-30	22.89	16.28	132.46
2017-12-01	23.21	16.51	134.31
2017-12-04	23.02	16.38	133.23
2017-12-05	22.89	16.28	132.46
2017-12-06	22.47	15.98	130.01
2017-12-07	22.32	15.88	129.16
2017-12-08	22.18	15.77	128.32
2017-12-11	21.9	15.58	126.71
2017-12-12	21.82	15.52	126.25
2017-12-13	22.09	15.71	127.78
2017-12-14	22.2	15.78	128.4
2017-12-15	22.16	15.75	128.17
2017-12-18	22.25	15.82	128.7
2017-12-19	22.29	15.85	128.93
2017-12-20	22.43	15.94	129.7
2017-12-21	22.52	16.01	130.24
2017-12-22	22.42	15.93	129.62
2017-12-26	22.3	15.85	128.93
2017-12-27	22.59	16.06	130.62
2017-12-28	22.66	16.1	131.01
2017-12-29	22.69	16.12	131.16
2018-01-02	23.09	16.41	133.46
2018-01-03	23.42	16.64	135.38
2018-01-04	23.36	16.59	135
2018-01-05	23.24	16.51	134.31
2018-01-08	23.01	16.35	133
2018-01-09	23.32	16.57	134.77
2018-01-10	23.4	16.62	135.23
2018-01-11	23.39	16.61	135.15
2018-01-12	22.65	16.08	130.85
2018-01-16	22.42	15.92	129.55
2018-01-17	22.69	16.11	131.08
2018-01-18	22.82	16.21	131.85
2018-01-19	22.72	16.13	131.24
2018-01-22	22.78	16.17	131.54
2018-01-23	22.5	15.97	129.93
2018-01-24	23.02	16.34	132.92
2018-01-25	23.12	16.41	133.54
2018-01-26	23.55	16.72	135.99
2018-01-29	24.08	17.09	139.06
2018-01-30	24.98	17.73	144.21
2018-01-31	24.84	17.63	143.44
2018-02-01	24.83	17.62	143.36
2018-02-02	24.63	17.48	142.21
2018-02-05	24.56	17.42	141.75
2018-02-06	24.94	17.7	143.98
2018-02-07	25.58	18.15	148.56
2018-02-08	25.24	17.91	147.51
2018-02-09	24.77	17.57	145.66
2018-02-12	25.41	18.02	150.33
2018-02-13	25.23	17.9	150.19
2018-02-14	24.99	17.72	148.73
2018-02-15	25.43	18.04	151.34
2018-02-16	25.45	18.05	151.5
2018-02-20	25.14	17.82	149.58
2018-02-21	24.85	17.62	147.89
2018-02-22	25.09	17.79	149.27
2018-02-23	25.01	17.73	148.81
2018-02-26	25.47	18.05	151.5
2018-02-27	26.05	18.47	154.95
2018-02-28	26.95	19.11	160.32
2018-03-01	28.05	19.88	166.85
2018-03-02	27.55	19.53	163.85
2018-03-05	28.16	19.96	167.46
2018-03-06	27.95	19.81	166.23
2018-03-07	27.58	19.54	164.01
2018-03-08	27.53	19.51	163.7
2018-03-09	26.87	19.04	159.79
2018-03-12	26.97	19.11	160.32
2018-03-13	26.87	19.03	159.71
2018-03-14	27.1	19.2	161.09
2018-03-15	26.52	18.79	157.64
2018-03-16	25.8	18.27	153.34
2018-03-19	24.29	17.2	144.36
2018-03-20	24.28	17.19	144.28
2018-03-21	24.05	17.03	142.9
2018-03-22	24.33	17.23	144.59
2018-03-23	24.76	17.53	147.12
2018-03-26	24.2	17.13	143.75
2018-03-27	23.98	16.97	142.44
2018-03-28	23.82	16.86	141.52
2018-03-29	24.15	17.09	143.44
2018-04-02	24.16	17.1	143.52
2018-04-03	25.06	17.73	148.81
2018-04-04	25.12	17.78	149.19
2018-04-05	25.77	18.24	153.03
2018-04-06	26.2	18.54	156.72
2018-04-09	27.03	19.12	162.81
2018-04-10	26.97	19.08	163.62
2018-04-11	26.73	18.91	163.3
2018-04-12	26.24	18.56	161.47
2018-04-13	25.7	18.18	158.1
2018-04-16	24.8	17.54	152.57
2018-04-17	24.93	17.63	153.34
2018-04-18	25.34	17.92	155.87
2018-04-19	25.68	18.16	157.94
2018-04-20	25.06	17.72	154.11
2018-04-23	25.1	17.74	154.34
2018-04-24	25.56	18.07	157.18
2018-04-25	26.29	18.58	161.63
2018-04-26	26.01	18.39	159.94
2018-04-27	26.49	18.72	162.86
2018-04-30	26.84	18.97	165
2018-05-01	27.62	19.52	169.76
2018-05-02	27.73	19.6	170.45
2018-05-03	28.36	20.04	174.29
2018-05-04	27.76	19.61	170.61
2018-05-07	26.95	19.04	165.62
2018-05-08	26.89	19	165.23
2018-05-09	26.55	18.76	163.16
2018-05-10	26.33	18.6	161.78
2018-05-11	25.88	18.28	159.02
2018-05-14	25.47	17.99	156.49
2018-05-15	25.48	17.99	156.49
2018-05-16	25.69	18.14	157.79
2018-05-17	25.94	18.32	159.32
2018-05-18	26.93	19.01	165.39
2018-05-21	26.32	18.58	161.63
2018-05-22	27.02	19.08	165.92
2018-05-23	27.59	19.47	169.38
2018-05-24	27.45	19.38	168.53
2018-05-25	28.2	19.91	173.14
2018-05-29	27.83	19.64	170.84
2018-05-30	27.05	19.09	166
2018-05-31	27.13	19.15	166.54
2018-06-01	27.05	19.09	166
2018-06-04	26.09	18.41	160.09
2018-06-05	26.47	18.67	162.39
2018-06-06	27.01	19.05	165.69
2018-06-07	27.24	19.22	168.29
2018-06-08	26.92	18.99	167.32
2018-06-11	26.72	18.84	166.97
2018-06-12	27.62	19.48	173.48
2018-06-13	26.97	19.02	170.38
2018-06-14	26.16	18.44	165.23
2018-06-15	25.96	18.31	164.01
2018-06-18	25.03	17.65	158.1
2018-06-19	24.26	17.1	153.19
2018-06-20	24.59	17.33	155.26
2018-06-21	24.79	17.48	156.56
2018-06-22	24.58	17.32	155.18
2018-06-25	23.7	16.7	149.65
2018-06-26	23.12	16.29	145.97
2018-06-27	23.26	16.39	146.82
2018-06-28	22.95	16.17	144.9
2018-06-29	23.76	16.74	149.96
2018-07-02	22.9	16.13	144.51
2018-07-03	23.54	16.58	148.58
2018-07-05	24.48	17.24	154.49
2018-07-06	24.96	17.58	157.48
2018-07-09	24.62	17.34	155.33
2018-07-10	24.08	16.95	151.88
2018-07-11	23.07	16.24	145.51
2018-07-12	23.42	16.49	147.74
2018-07-13	23.93	16.85	150.96
2018-07-16	23.59	16.6	148.73
2018-07-17	23.89	16.82	150.65
2018-07-18	23.75	16.71	149.73
2018-07-19	24.17	17.01	152.42
2018-07-20	24.76	17.42	156.1
2018-07-23	24.87	17.5	156.79
2018-07-24	24.83	17.47	156.49
2018-07-25	26.34	18.53	166
2018-07-26	26.01	18.3	163.93
2018-07-27	25.94	18.25	163.47
2018-07-30	26.68	18.77	168.15
2018-07-31	27.11	19.07	170.84
2018-08-01	27.47	19.32	173.06
2018-08-02	27.74	19.51	174.75
2018-08-03	27.64	19.44	174.14
2018-08-06	28.56	20.08	179.89
2018-08-07	28.24	19.86	179.6
2018-08-08	28.46	20.01	182.61
2018-08-09	28.17	19.81	182.33
2018-08-10	27.27	19.17	178.04
2018-08-13	26.42	18.57	174.06
2018-08-14	26.68	18.75	175.75
2018-08-15	26.23	18.43	172.76
2018-08-16	26.8	18.83	176.52
2018-08-17	27.59	19.39	181.73
2018-08-20	26.79	18.82	176.44
2018-08-21	26.21	18.41	172.6
2018-08-22	25.98	18.25	171.07
2018-08-23	25.85	18.16	170.22
2018-08-24	25.49	17.91	167.84
2018-08-27	24.72	17.36	162.7
2018-08-28	24.61	17.28	162.01
2018-08-29	25.62	17.99	168.61
2018-08-30	25.23	17.72	166.08
2018-08-31	25.81	18.12	169.84
2018-09-04	25.05	17.59	164.85
2018-09-05	24.64	17.29	162.09
2018-09-06	24.11	16.92	158.63
2018-09-07	24.02	16.86	158.02
2018-09-10	24.77	17.38	162.93
2018-09-11	24.4	17.12	160.48
2018-09-12	23.65	16.6	155.56
2018-09-13	23.42	16.43	154.03
2018-09-14	24.1	16.91	158.48
2018-09-17	23.94	16.79	157.41
2018-09-18	24.09	16.9	158.4
2018-09-19	24.57	17.23	161.55
2018-09-20	24.61	17.26	161.78
2018-09-21	24.53	17.2	161.24
2018-09-24	24.71	17.32	162.39
2018-09-25	24.39	17.1	160.25
2018-09-26	24.34	17.06	159.94
2018-09-27	24.17	16.94	158.79
2018-09-28	23.89	16.74	156.95
2018-10-01	23.9	16.75	157.02
2018-10-02	24.42	17.11	160.4
2018-10-03	24.25	16.99	159.25
2018-10-04	24.41	17.1	160.32
2018-10-05	24.51	17.17	160.94
2018-10-08	24.19	16.95	158.86
2018-10-09	24.29	17.01	159.48
2018-10-10	24.14	16.91	158.48
2018-10-11	24.02	16.83	157.71
2018-10-12	24.52	17.17	160.94
2018-10-15	24.87	17.41	163.24
2018-10-16	24.7	17.29	162.09
2018-10-17	24.37	17.06	159.94
2018-10-18	24.08	16.86	158.02
2018-10-19	24.15	16.91	158.48
2018-10-22	23.76	16.63	155.87
2018-10-23	23.75	16.62	155.79
2018-10-24	23.26	16.28	152.57
2018-10-25	22.77	15.93	149.35
2018-10-26	23.41	16.38	153.57
2018-10-29	23.48	16.42	153.95
2018-10-30	23.16	16.2	151.88
2018-10-31	23.09	16.15	151.42
2018-11-01	23.47	16.42	153.88
2018-11-02	23.61	16.51	154.8
2018-11-05	23.64	16.53	154.95
2018-11-06	23.79	16.64	155.95
2018-11-07	23.53	16.45	155.5
2018-11-08	23.3	16.29	155.38
2018-11-09	22.85	15.97	153.66
2018-11-12	23.13	16.17	156.9
2018-11-13	22.85	15.97	156.41
2018-11-14	22.62	15.81	154.8
2018-11-15	22.57	15.78	154.49
2018-11-16	22.72	15.88	155.49
2018-11-19	22.38	15.63	153.11
2018-11-20	22.31	15.59	152.65
2018-11-21	22.12	15.45	151.34
2018-11-23	21.81	15.23	149.19
2018-11-26	21.98	15.35	150.35
2018-11-27	21.71	15.16	148.43
2018-11-28	22.1	15.43	151.11
2018-11-29	22.11	15.44	151.19
2018-11-30	22.46	15.68	153.57
2018-12-03	22.75	15.88	155.49
2018-12-04	22.69	15.84	155.1
2018-12-05	22.37	15.61	152.88
2018-12-06	22.26	15.53	152.11
2018-12-07	23	16.05	157.18
2018-12-10	22.93	15.99	156.64
2018-12-11	22.68	15.82	154.95
2018-12-12	22.97	16.03	156.95
2018-12-13	23.37	16.3	159.63
2018-12-14	23.29	16.25	159.09
2018-12-17	23.46	16.36	160.25
2018-12-18	23.25	16.21	158.79
2018-12-19	22.86	15.94	156.1
2018-12-20	22.91	15.97	156.41
2018-12-21	22.61	15.76	154.34
2018-12-24	22.6	15.75	154.26
2018-12-26	22.29	15.53	152.11
2018-12-27	22.27	15.52	151.96
2018-12-28	22.31	15.55	152.26
2018-12-31	21.99	15.32	150.04
2019-01-02	22.16	15.44	151.19
2019-01-03	22.66	15.78	154.57
2019-01-04	22.77	15.86	155.33
2019-01-07	22.64	15.77	154.41
2019-01-08	22.73	15.83	155.03
2019-01-09	22.76	15.85	155.18
2019-01-10	22.46	15.63	153.11
2019-01-11	22.72	15.81	154.87
2019-01-14	22.47	15.64	153.19
2019-01-15	22.32	15.53	152.11
2019-01-16	22.32	15.53	152.11
2019-01-17	22.7	15.8	154.72
2019-01-18	22.79	15.86	155.33
2019-01-22	22.97	15.98	156.49
2019-01-23	23.21	16.14	158.1
2019-01-24	23.05	16.03	157.02
2019-01-25	22.96	15.97	156.41
2019-01-28	22.84	15.88	155.56
2019-01-29	22.55	15.68	153.57
2019-01-30	22.64	15.74	154.18
2019-01-31	22.5	15.64	153.19
2019-02-01	22.94	15.95	156.18
2019-02-04	23.02	16	156.72
2019-02-05	23.06	16.03	156.95
2019-02-06	22.97	15.96	156.33
2019-02-07	22.38	15.56	152.8
2019-02-08	22.29	15.49	152.59
2019-02-11	22.25	15.46	152.63
2019-02-12	22.15	15.39	152.26
2019-02-13	22.3	15.49	153.65
2019-02-14	21.75	15.11	149.88
2019-02-15	21.59	14.99	148.73
2019-02-19	20.87	14.49	143.75
2019-02-20	20.42	14.17	140.6
2019-02-21	20.65	14.34	142.21
2019-02-22	20.77	14.42	143.05
2019-02-25	20.08	13.93	138.22
2019-02-26	19.81	13.75	136.38
2019-02-27	19.87	13.79	136.76
2019-02-28	19.82	13.76	136.45
2019-03-01	19.84	13.76	136.53
2019-03-04	19.76	13.71	135.99
2019-03-05	20.13	13.97	138.53
2019-03-06	19.56	13.57	134.61
2019-03-07	19.07	13.23	131.24
2019-03-08	19.22	13.33	132.23
2019-03-11	18.76	13.01	129.01
2019-03-12	19.76	13.7	135.92
2019-03-13	19.5	13.52	134.08
2019-03-14	19.49	13.51	134
2019-03-15	19.78	13.71	135.99
2019-03-18	19.49	13.51	134
2019-03-19	19.46	13.49	133.77
2019-03-20	19.83	13.74	136.3
2019-03-21	19.96	13.83	137.22
2019-03-22	19.88	13.77	136.61
2019-03-25	20.07	13.9	137.91
2019-03-26	19.8	13.72	136.07
2019-03-27	19.86	13.76	136.45
2019-03-28	19.6	13.58	134.69
2019-03-29	19.21	13.31	132
2019-04-01	19.42	13.45	133.38
2019-04-02	19.37	13.41	133
2019-04-03	19.52	13.52	134.08
2019-04-04	19.65	13.6	134.92
2019-04-05	19.28	13.35	132.8
2019-04-08	19.3	13.36	133.38
2019-04-09	19.12	13.24	132.62
2019-04-10	19.04	13.18	132.45
2019-04-11	19.25	13.32	134.31
2019-04-12	19.42	13.44	135.46
2019-04-15	19.08	13.2	133.08
2019-04-16	18.6	12.86	129.7
2019-04-17	18.76	12.98	130.85
2019-04-18	18.74	12.96	130.7
2019-04-22	18.42	12.74	128.4
2019-04-23	18.54	12.82	129.24
2019-04-24	18.12	12.53	126.32
2019-04-25	18.12	12.53	126.32
2019-04-26	17.95	12.41	125.1
2019-04-29	17.49	12.09	121.87
2019-04-30	17.36	12	120.95
2019-05-01	17.62	12.18	122.79
2019-05-02	17.85	12.33	124.33
2019-05-03	17.69	12.23	123.25
2019-05-06	17.76	12.27	123.71
2019-05-07	17.81	12.3	124.02
2019-05-08	17.79	12.29	123.87
2019-05-09	17.53	12.11	122.1
2019-05-10	17.06	11.78	118.8
2019-05-13	17.51	12.09	121.87
2019-05-14	18.03	12.45	125.48
2019-05-15	17.73	12.24	123.41
2019-05-16	18.38	12.69	127.94
2019-05-17	18.54	12.8	129.01
2019-05-20	19.17	13.23	133.38
2019-05-21	19.24	13.28	133.85
2019-05-22	19.07	13.16	132.69
2019-05-23	18.76	12.95	130.54
2019-05-24	19.5	13.46	135.69
2019-05-28	20.34	14.03	141.44
2019-05-29	20.01	13.8	139.14
2019-05-30	21.14	14.58	147.05
2019-05-31	20.88	14.4	145.2
2019-06-03	21.49	14.82	149.42
2019-06-04	20.69	14.27	143.82
2019-06-05	19.68	13.57	136.84
2019-06-06	20.11	13.86	139.75
2019-06-07	19.83	13.67	138.63
2019-06-10	20.01	13.79	140.66
2019-06-11	20.2	13.92	142.79
2019-06-12	20.43	14.08	145.19
2019-06-13	20.68	14.25	147.74
2019-06-14	20.99	14.47	149.96
2019-06-17	20.95	14.44	149.65
2019-06-18	20.5	14.13	146.43
2019-06-19	20.12	13.86	143.67
2019-06-20	20.24	13.94	144.51
2019-06-21	19.97	13.76	142.59
2019-06-24	20.53	14.14	146.58
2019-06-25	20.57	14.16	146.82
2019-06-26	20.73	14.27	147.97
2019-06-27	20.71	14.26	147.81
2019-06-28	19.85	13.67	141.67
2019-07-01	19.1	13.15	136.3
2019-07-02	18.61	12.81	132.77
2019-07-03	19.09	13.14	136.22
2019-07-05	19.16	13.19	136.68
2019-07-08	18.97	13.05	135.3
2019-07-09	18.91	13.01	134.84
2019-07-10	19	13.07	135.53
2019-07-11	19.87	13.67	141.67
2019-07-12	20.11	13.84	143.44
2019-07-15	19.33	13.3	137.84
2019-07-16	19.21	13.22	136.99
2019-07-17	19.02	13.08	135.61
2019-07-18	18.64	12.82	132.85
2019-07-19	18.95	13.03	135.07
2019-07-22	18.49	12.71	131.77
2019-07-23	18.59	12.78	132.46
2019-07-24	18.93	13.02	134.92
2019-07-25	18.85	12.96	134.31
2019-07-26	18.61	12.79	132.62
2019-07-29	18.81	12.93	134
2019-07-30	18.68	12.84	133.08
2019-07-31	18.22	12.52	129.78
2019-08-01	17.92	12.31	127.63
2019-08-02	18.18	12.49	129.47
2019-08-05	18.4	12.64	131.01
2019-08-06	18.02	12.38	128.32
2019-08-07	18.01	12.37	129.32
2019-08-08	18.04	12.39	130.5
2019-08-09	17.97	12.34	131.05
2019-08-12	16.94	11.63	124.53
2019-08-13	16.58	11.39	122.95
2019-08-14	16.59	11.39	123.02
2019-08-15	16.74	11.49	124.1
2019-08-16	16.96	11.64	125.71
2019-08-19	16.85	11.57	124.87
2019-08-20	16.65	11.43	123.41
2019-08-21	16.59	11.39	122.95
2019-08-22	16.75	11.49	124.1
2019-08-23	16.77	11.51	124.25
2019-08-26	16.66	11.43	123.41
2019-08-27	16.77	11.51	124.25
2019-08-28	16.75	11.49	124.1
2019-08-29	16.64	11.42	123.25
2019-08-30	16.46	11.29	121.95
2019-09-03	15.85	10.87	117.34
2019-09-04	15.94	10.93	118.04
2019-09-05	16.32	11.2	120.87
2019-09-06	16.3	11.18	120.72
2019-09-09	16.5	11.32	122.18
2019-09-10	16.74	11.48	123.94
2019-09-11	16.53	11.33	122.33
2019-09-12	16.73	11.47	123.87
2019-09-13	16.58	11.37	122.72
2019-09-16	16.97	11.63	125.56
2019-09-17	16.69	11.44	123.48
2019-09-18	17	11.65	125.79
2019-09-19	16.99	11.64	125.71
2019-09-20	16.91	11.59	125.1
2019-09-23	16.87	11.56	124.79
2019-09-24	16.81	11.52	124.33
2019-09-25	16.77	11.49	124.02
2019-09-26	16.94	11.61	125.33
2019-09-27	16.91	11.59	125.1
2019-09-30	17.23	11.8	127.4
2019-10-01	17.08	11.7	126.32
2019-10-02	16.85	11.54	124.56
2019-10-03	16.85	11.54	124.56
2019-10-04	16.78	11.49	124.02
2019-10-07	16.7	11.44	123.48
2019-10-08	17.04	11.66	125.94
2019-10-09	17.16	11.75	126.86
2019-10-10	16.75	11.47	123.79
2019-10-11	17.42	11.93	128.78
2019-10-14	17.69	12.11	130.7
2019-10-15	17.5	11.98	129.32
2019-10-16	17.66	12.08	130.47
2019-10-17	17.92	12.26	132.39
2019-10-18	18.02	12.33	133.15
2019-10-21	17.68	12.1	130.62
2019-10-22	17.51	11.98	129.32
2019-10-23	17.59	12.03	129.93
2019-10-24	17.43	11.93	128.78
2019-10-25	17.57	12.02	129.78
2019-10-28	17.33	11.86	128.01
2019-10-29	17.42	11.91	128.63
2019-10-30	17.39	11.89	128.4
2019-10-31	17.45	11.93	128.86
2019-11-01	17.71	12.11	130.78
2019-11-04	17.59	12.03	129.85
2019-11-05	17.82	12.18	131.54
2019-11-06	17.79	12.16	131.31
2019-11-07	17.66	12.08	130.93
2019-11-08	17.53	11.99	130.5
2019-11-11	17.56	12	131.11
2019-11-12	18.2	12.44	136.35
2019-11-13	17.69	12.09	133
2019-11-14	17.59	12.02	132.23
2019-11-15	17.38	11.88	130.7
2019-11-18	17.41	11.89	130.85
2019-11-19	17.63	12.05	132.54
2019-11-20	17.68	12.08	132.92
2019-11-21	17.5	11.96	131.54
2019-11-22	17.69	12.09	133
2019-11-25	18.19	12.42	136.68
2019-11-26	18.03	12.32	135.53
2019-11-27	17.87	12.21	134.31
2019-11-29	18.26	12.47	137.22
2019-12-02	17.95	12.26	134.84
2019-12-03	17.85	12.19	134.08
2019-12-04	18	12.29	135.23
2019-12-05	17.8	12.15	133.69
2019-12-06	17.61	12.03	132.31
2019-12-09	17.41	11.89	130.78
2019-12-10	17.63	12.03	132.39
2019-12-11	17.61	12.02	132.23
2019-12-12	18.1	12.36	135.92
2019-12-13	18.1	12.36	135.92
2019-12-16	18.89	12.89	141.83
2019-12-17	19.09	13.03	143.36
2019-12-18	18.9	12.9	141.9
2019-12-19	18.83	12.85	141.37
2019-12-20	18.9	12.9	141.9
2019-12-23	18.75	12.79	140.75
2019-12-24	18.83	12.85	141.37
2019-12-26	19.24	13.13	144.44
2019-12-27	19.62	13.39	147.28
2019-12-30	19.66	13.41	147.51
2019-12-31	19.88	13.56	149.19
2020-01-02	19.85	13.54	148.96
2020-01-03	19.43	13.25	145.82
2020-01-06	19.53	13.32	146.51
2020-01-07	19.44	13.25	145.82
2020-01-08	19.64	13.39	147.35
2020-01-09	20.06	13.68	150.5
2020-01-10	20.25	13.81	151.88
2020-01-13	20.17	13.75	151.27
2020-01-14	20.34	13.87	152.57
2020-01-15	20.32	13.85	152.42
2020-01-16	19.84	13.53	148.81
2020-01-17	20.23	13.79	151.73
2020-01-21	20.47	13.95	153.49
2020-01-22	20.17	13.74	151.19
2020-01-23	20.16	13.74	151.11
2020-01-24	19.9	13.56	149.19
2020-01-27	19.93	13.58	149.35
2020-01-28	19.74	13.45	147.97
2020-01-29	19.33	13.17	144.9
2020-01-30	19.29	13.14	144.59
2020-01-31	19.07	12.99	142.9
2020-02-03	19.12	13.02	143.28
2020-02-04	19.14	13.04	143.44
2020-02-05	19.41	13.22	145.43
2020-02-06	19.17	13.05	143.59
2020-02-07	19.36	13.19	145.42
2020-02-10	19.36	13.19	145.79
2020-02-11	19.19	13.07	144.85
2020-02-12	19.31	13.15	146.12
2020-02-13	19.12	13.02	145.13
2020-02-14	19.1	13.01	144.97
2020-02-18	19.95	13.58	151.34
2020-02-19	19.7	13.41	149.42
2020-02-20	19.46	13.25	147.66
2020-02-21	19.24	13.1	145.97
2020-02-24	18.59	12.65	140.98
2020-02-25	18.7	12.72	141.83
2020-02-26	18.59	12.65	140.98
2020-02-27	18.29	12.44	138.68
2020-02-28	18.35	12.48	139.14
2020-03-02	18.53	12.61	140.52
2020-03-03	18.55	12.62	140.68
2020-03-04	18.35	12.48	139.14
2020-03-05	18.07	12.29	136.99
2020-03-06	18.07	12.29	136.99
2020-03-09	17.86	12.15	135.38
2020-03-10	18.01	12.25	136.53
2020-03-11	17.64	11.99	133.69
2020-03-12	17.52	11.92	132.85
2020-03-13	17.47	11.88	132.46
2020-03-16	17.16	11.67	130.08
2020-03-17	17.5	11.9	132.69
2020-03-18	18.08	12.3	137.07
2020-03-19	18.85	12.82	142.9
2020-03-20	18.99	12.92	143.98
2020-03-23	19.82	13.48	150.27
2020-03-24	19.87	13.52	150.65
2020-03-25	20.29	13.8	153.8
2020-03-26	19.73	13.42	149.58
2020-03-27	19.71	13.41	149.42
2020-03-30	19.71	13.41	149.42
2020-03-31	19.97	13.58	151.34
2020-04-01	19.24	13.08	145.82
2020-04-02	18.79	12.78	142.44
